<?xml version="1.0" encoding="UTF-8"?>
<TrainingCenterDatabase xmlns="http://www.garmin.com/xmlschemas/TrainingCenterDatabase/v2"
  xmlns:xsi="http://www.w3.org/2001/XMLSchema-instance"
  xsi:schemaLocation="http://www.garmin.com/xmlschemas/TrainingCenterDatabase/v2 http://www.garmin.com/xmlschemas/TrainingCenterDatabasev2.xsd">
  <Activities>
    <Activity Sport="Running">
      <Id>2026-05-30T17:05:08.000Z</Id>
      <Lap StartTime="2026-05-30T17:05:08.000Z">
        <Track>
          <Trackpoint>
            <Time>2026-05-30T17:05:08.000Z</Time>
            <Position>
              <LatitudeDegrees>48.860522</LatitudeDegrees>
              <LongitudeDegrees>2.295672</LongitudeDegrees>
            </Position>
            <AltitudeMeters>36.1</AltitudeMeters>
            <DistanceMeters>0.0</DistanceMeters>
            <HeartRateBpm><Value>136</Value></HeartRateBpm>
            <Extensions>
              <TPX xmlns="http://www.garmin.com/xmlschemas/ActivityExtension/v2">
                <Speed>2.92</Speed>
              </TPX>
            </Extensions>
          </Trackpoint>
          <Trackpoint>
            <Time>2026-05-30T17:05:14.913Z</Time>
            <Position>
              <LatitudeDegrees>48.860517</LatitudeDegrees>
              <LongitudeDegrees>2.295668</LongitudeDegrees>
            </Position>
            <AltitudeMeters>36.8</AltitudeMeters>
            <DistanceMeters>1.8</DistanceMeters>
            <HeartRateBpm><Value>137</Value></HeartRateBpm>
            <Extensions>
              <TPX xmlns="http://www.garmin.com/xmlschemas/ActivityExtension/v2">
                <Speed>2.94</Speed>
              </TPX>
            </Extensions>
          </Trackpoint>
          <Trackpoint>
            <Time>2026-05-30T17:05:21.827Z</Time>
            <Position>
              <LatitudeDegrees>48.860512</LatitudeDegrees>
              <LongitudeDegrees>2.295665</LongitudeDegrees>
            </Position>
            <AltitudeMeters>37.0</AltitudeMeters>
            <DistanceMeters>3.5</DistanceMeters>
            <HeartRateBpm><Value>136</Value></HeartRateBpm>
            <Extensions>
              <TPX xmlns="http://www.garmin.com/xmlschemas/ActivityExtension/v2">
                <Speed>2.94</Speed>
              </TPX>
            </Extensions>
          </Trackpoint>
          <Trackpoint>
            <Time>2026-05-30T17:05:28.740Z</Time>
            <Position>
              <LatitudeDegrees>48.860508</LatitudeDegrees>
              <LongitudeDegrees>2.295661</LongitudeDegrees>
            </Position>
            <AltitudeMeters>36.8</AltitudeMeters>
            <DistanceMeters>5.3</DistanceMeters>
            <HeartRateBpm><Value>137</Value></HeartRateBpm>
            <Extensions>
              <TPX xmlns="http://www.garmin.com/xmlschemas/ActivityExtension/v2">
                <Speed>2.97</Speed>
              </TPX>
            </Extensions>
          </Trackpoint>
          <Trackpoint>
            <Time>2026-05-30T17:05:35.654Z</Time>
            <Position>
              <LatitudeDegrees>48.860503</LatitudeDegrees>
              <LongitudeDegrees>2.295658</LongitudeDegrees>
            </Position>
            <AltitudeMeters>36.7</AltitudeMeters>
            <DistanceMeters>7.0</DistanceMeters>
            <HeartRateBpm><Value>135</Value></HeartRateBpm>
            <Extensions>
              <TPX xmlns="http://www.garmin.com/xmlschemas/ActivityExtension/v2">
                <Speed>2.86</Speed>
              </TPX>
            </Extensions>
          </Trackpoint>
          <Trackpoint>
            <Time>2026-05-30T17:05:42.567Z</Time>
            <Position>
              <LatitudeDegrees>48.860498</LatitudeDegrees>
              <LongitudeDegrees>2.295654</LongitudeDegrees>
            </Position>
            <AltitudeMeters>36.6</AltitudeMeters>
            <DistanceMeters>8.8</DistanceMeters>
            <HeartRateBpm><Value>137</Value></HeartRateBpm>
            <Extensions>
              <TPX xmlns="http://www.garmin.com/xmlschemas/ActivityExtension/v2">
                <Speed>2.92</Speed>
              </TPX>
            </Extensions>
          </Trackpoint>
          <Trackpoint>
            <Time>2026-05-30T17:05:49.481Z</Time>
            <Position>
              <LatitudeDegrees>48.860493</LatitudeDegrees>
              <LongitudeDegrees>2.295650</LongitudeDegrees>
            </Position>
            <AltitudeMeters>36.7</AltitudeMeters>
            <DistanceMeters>10.5</DistanceMeters>
            <HeartRateBpm><Value>137</Value></HeartRateBpm>
            <Extensions>
              <TPX xmlns="http://www.garmin.com/xmlschemas/ActivityExtension/v2">
                <Speed>2.83</Speed>
              </TPX>
            </Extensions>
          </Trackpoint>
          <Trackpoint>
            <Time>2026-05-30T17:05:56.395Z</Time>
            <Position>
              <LatitudeDegrees>48.860489</LatitudeDegrees>
              <LongitudeDegrees>2.295647</LongitudeDegrees>
            </Position>
            <AltitudeMeters>37.3</AltitudeMeters>
            <DistanceMeters>12.3</DistanceMeters>
            <HeartRateBpm><Value>137</Value></HeartRateBpm>
            <Extensions>
              <TPX xmlns="http://www.garmin.com/xmlschemas/ActivityExtension/v2">
                <Speed>2.83</Speed>
              </TPX>
            </Extensions>
          </Trackpoint>
          <Trackpoint>
            <Time>2026-05-30T17:06:03.308Z</Time>
            <Position>
              <LatitudeDegrees>48.860484</LatitudeDegrees>
              <LongitudeDegrees>2.295643</LongitudeDegrees>
            </Position>
            <AltitudeMeters>37.2</AltitudeMeters>
            <DistanceMeters>14.0</DistanceMeters>
            <HeartRateBpm><Value>137</Value></HeartRateBpm>
            <Extensions>
              <TPX xmlns="http://www.garmin.com/xmlschemas/ActivityExtension/v2">
                <Speed>2.86</Speed>
              </TPX>
            </Extensions>
          </Trackpoint>
          <Trackpoint>
            <Time>2026-05-30T17:06:10.222Z</Time>
            <Position>
              <LatitudeDegrees>48.860479</LatitudeDegrees>
              <LongitudeDegrees>2.295640</LongitudeDegrees>
            </Position>
            <AltitudeMeters>36.7</AltitudeMeters>
            <DistanceMeters>15.8</DistanceMeters>
            <HeartRateBpm><Value>134</Value></HeartRateBpm>
            <Extensions>
              <TPX xmlns="http://www.garmin.com/xmlschemas/ActivityExtension/v2">
                <Speed>2.78</Speed>
              </TPX>
            </Extensions>
          </Trackpoint>
          <Trackpoint>
            <Time>2026-05-30T17:06:17.135Z</Time>
            <Position>
              <LatitudeDegrees>48.860475</LatitudeDegrees>
              <LongitudeDegrees>2.295636</LongitudeDegrees>
            </Position>
            <AltitudeMeters>36.7</AltitudeMeters>
            <DistanceMeters>17.5</DistanceMeters>
            <HeartRateBpm><Value>137</Value></HeartRateBpm>
            <Extensions>
              <TPX xmlns="http://www.garmin.com/xmlschemas/ActivityExtension/v2">
                <Speed>2.83</Speed>
              </TPX>
            </Extensions>
          </Trackpoint>
          <Trackpoint>
            <Time>2026-05-30T17:06:24.049Z</Time>
            <Position>
              <LatitudeDegrees>48.860470</LatitudeDegrees>
              <LongitudeDegrees>2.295633</LongitudeDegrees>
            </Position>
            <AltitudeMeters>37.2</AltitudeMeters>
            <DistanceMeters>19.3</DistanceMeters>
            <HeartRateBpm><Value>134</Value></HeartRateBpm>
            <Extensions>
              <TPX xmlns="http://www.garmin.com/xmlschemas/ActivityExtension/v2">
                <Speed>2.78</Speed>
              </TPX>
            </Extensions>
          </Trackpoint>
          <Trackpoint>
            <Time>2026-05-30T17:06:30.962Z</Time>
            <Position>
              <LatitudeDegrees>48.860465</LatitudeDegrees>
              <LongitudeDegrees>2.295629</LongitudeDegrees>
            </Position>
            <AltitudeMeters>37.2</AltitudeMeters>
            <DistanceMeters>21.0</DistanceMeters>
            <HeartRateBpm><Value>136</Value></HeartRateBpm>
            <Extensions>
              <TPX xmlns="http://www.garmin.com/xmlschemas/ActivityExtension/v2">
                <Speed>2.92</Speed>
              </TPX>
            </Extensions>
          </Trackpoint>
          <Trackpoint>
            <Time>2026-05-30T17:06:37.876Z</Time>
            <Position>
              <LatitudeDegrees>48.860414</LatitudeDegrees>
              <LongitudeDegrees>2.295711</LongitudeDegrees>
            </Position>
            <AltitudeMeters>36.8</AltitudeMeters>
            <DistanceMeters>45.8</DistanceMeters>
            <HeartRateBpm><Value>137</Value></HeartRateBpm>
            <Extensions>
              <TPX xmlns="http://www.garmin.com/xmlschemas/ActivityExtension/v2">
                <Speed>2.83</Speed>
              </TPX>
            </Extensions>
          </Trackpoint>
          <Trackpoint>
            <Time>2026-05-30T17:06:44.790Z</Time>
            <Position>
              <LatitudeDegrees>48.860363</LatitudeDegrees>
              <LongitudeDegrees>2.295793</LongitudeDegrees>
            </Position>
            <AltitudeMeters>36.9</AltitudeMeters>
            <DistanceMeters>70.5</DistanceMeters>
            <HeartRateBpm><Value>136</Value></HeartRateBpm>
            <Extensions>
              <TPX xmlns="http://www.garmin.com/xmlschemas/ActivityExtension/v2">
                <Speed>2.86</Speed>
              </TPX>
            </Extensions>
          </Trackpoint>
          <Trackpoint>
            <Time>2026-05-30T17:06:51.703Z</Time>
            <Position>
              <LatitudeDegrees>48.860312</LatitudeDegrees>
              <LongitudeDegrees>2.295875</LongitudeDegrees>
            </Position>
            <AltitudeMeters>37.5</AltitudeMeters>
            <DistanceMeters>95.3</DistanceMeters>
            <HeartRateBpm><Value>136</Value></HeartRateBpm>
            <Extensions>
              <TPX xmlns="http://www.garmin.com/xmlschemas/ActivityExtension/v2">
                <Speed>2.81</Speed>
              </TPX>
            </Extensions>
          </Trackpoint>
          <Trackpoint>
            <Time>2026-05-30T17:06:58.617Z</Time>
            <Position>
              <LatitudeDegrees>48.860261</LatitudeDegrees>
              <LongitudeDegrees>2.295957</LongitudeDegrees>
            </Position>
            <AltitudeMeters>37.0</AltitudeMeters>
            <DistanceMeters>120.0</DistanceMeters>
            <HeartRateBpm><Value>135</Value></HeartRateBpm>
            <Extensions>
              <TPX xmlns="http://www.garmin.com/xmlschemas/ActivityExtension/v2">
                <Speed>2.72</Speed>
              </TPX>
            </Extensions>
          </Trackpoint>
          <Trackpoint>
            <Time>2026-05-30T17:07:05.530Z</Time>
            <Position>
              <LatitudeDegrees>48.860210</LatitudeDegrees>
              <LongitudeDegrees>2.296040</LongitudeDegrees>
            </Position>
            <AltitudeMeters>37.6</AltitudeMeters>
            <DistanceMeters>144.7</DistanceMeters>
            <HeartRateBpm><Value>137</Value></HeartRateBpm>
            <Extensions>
              <TPX xmlns="http://www.garmin.com/xmlschemas/ActivityExtension/v2">
                <Speed>2.81</Speed>
              </TPX>
            </Extensions>
          </Trackpoint>
          <Trackpoint>
            <Time>2026-05-30T17:07:12.444Z</Time>
            <Position>
              <LatitudeDegrees>48.860159</LatitudeDegrees>
              <LongitudeDegrees>2.296122</LongitudeDegrees>
            </Position>
            <AltitudeMeters>37.4</AltitudeMeters>
            <DistanceMeters>169.5</DistanceMeters>
            <HeartRateBpm><Value>134</Value></HeartRateBpm>
            <Extensions>
              <TPX xmlns="http://www.garmin.com/xmlschemas/ActivityExtension/v2">
                <Speed>2.69</Speed>
              </TPX>
            </Extensions>
          </Trackpoint>
          <Trackpoint>
            <Time>2026-05-30T17:07:19.358Z</Time>
            <Position>
              <LatitudeDegrees>48.860109</LatitudeDegrees>
              <LongitudeDegrees>2.296204</LongitudeDegrees>
            </Position>
            <AltitudeMeters>37.5</AltitudeMeters>
            <DistanceMeters>194.2</DistanceMeters>
            <HeartRateBpm><Value>134</Value></HeartRateBpm>
            <Extensions>
              <TPX xmlns="http://www.garmin.com/xmlschemas/ActivityExtension/v2">
                <Speed>2.69</Speed>
              </TPX>
            </Extensions>
          </Trackpoint>
          <Trackpoint>
            <Time>2026-05-30T17:07:26.271Z</Time>
            <Position>
              <LatitudeDegrees>48.860058</LatitudeDegrees>
              <LongitudeDegrees>2.296286</LongitudeDegrees>
            </Position>
            <AltitudeMeters>37.1</AltitudeMeters>
            <DistanceMeters>219.0</DistanceMeters>
            <HeartRateBpm><Value>136</Value></HeartRateBpm>
            <Extensions>
              <TPX xmlns="http://www.garmin.com/xmlschemas/ActivityExtension/v2">
                <Speed>2.75</Speed>
              </TPX>
            </Extensions>
          </Trackpoint>
          <Trackpoint>
            <Time>2026-05-30T17:07:33.185Z</Time>
            <Position>
              <LatitudeDegrees>48.860007</LatitudeDegrees>
              <LongitudeDegrees>2.296368</LongitudeDegrees>
            </Position>
            <AltitudeMeters>37.2</AltitudeMeters>
            <DistanceMeters>243.7</DistanceMeters>
            <HeartRateBpm><Value>134</Value></HeartRateBpm>
            <Extensions>
              <TPX xmlns="http://www.garmin.com/xmlschemas/ActivityExtension/v2">
                <Speed>2.67</Speed>
              </TPX>
            </Extensions>
          </Trackpoint>
          <Trackpoint>
            <Time>2026-05-30T17:07:40.098Z</Time>
            <Position>
              <LatitudeDegrees>48.859956</LatitudeDegrees>
              <LongitudeDegrees>2.296450</LongitudeDegrees>
            </Position>
            <AltitudeMeters>37.9</AltitudeMeters>
            <DistanceMeters>268.4</DistanceMeters>
            <HeartRateBpm><Value>138</Value></HeartRateBpm>
            <Extensions>
              <TPX xmlns="http://www.garmin.com/xmlschemas/ActivityExtension/v2">
                <Speed>2.83</Speed>
              </TPX>
            </Extensions>
          </Trackpoint>
          <Trackpoint>
            <Time>2026-05-30T17:07:47.012Z</Time>
            <Position>
              <LatitudeDegrees>48.859905</LatitudeDegrees>
              <LongitudeDegrees>2.296532</LongitudeDegrees>
            </Position>
            <AltitudeMeters>37.7</AltitudeMeters>
            <DistanceMeters>293.2</DistanceMeters>
            <HeartRateBpm><Value>135</Value></HeartRateBpm>
            <Extensions>
              <TPX xmlns="http://www.garmin.com/xmlschemas/ActivityExtension/v2">
                <Speed>2.67</Speed>
              </TPX>
            </Extensions>
          </Trackpoint>
          <Trackpoint>
            <Time>2026-05-30T17:07:53.925Z</Time>
            <Position>
              <LatitudeDegrees>48.859854</LatitudeDegrees>
              <LongitudeDegrees>2.296614</LongitudeDegrees>
            </Position>
            <AltitudeMeters>37.6</AltitudeMeters>
            <DistanceMeters>317.9</DistanceMeters>
            <HeartRateBpm><Value>136</Value></HeartRateBpm>
            <Extensions>
              <TPX xmlns="http://www.garmin.com/xmlschemas/ActivityExtension/v2">
                <Speed>2.75</Speed>
              </TPX>
            </Extensions>
          </Trackpoint>
          <Trackpoint>
            <Time>2026-05-30T17:08:00.839Z</Time>
            <Position>
              <LatitudeDegrees>48.859803</LatitudeDegrees>
              <LongitudeDegrees>2.296696</LongitudeDegrees>
            </Position>
            <AltitudeMeters>38.1</AltitudeMeters>
            <DistanceMeters>342.7</DistanceMeters>
            <HeartRateBpm><Value>138</Value></HeartRateBpm>
            <Extensions>
              <TPX xmlns="http://www.garmin.com/xmlschemas/ActivityExtension/v2">
                <Speed>2.81</Speed>
              </TPX>
            </Extensions>
          </Trackpoint>
          <Trackpoint>
            <Time>2026-05-30T17:08:07.753Z</Time>
            <Position>
              <LatitudeDegrees>48.859752</LatitudeDegrees>
              <LongitudeDegrees>2.296779</LongitudeDegrees>
            </Position>
            <AltitudeMeters>38.0</AltitudeMeters>
            <DistanceMeters>367.4</DistanceMeters>
            <HeartRateBpm><Value>136</Value></HeartRateBpm>
            <Extensions>
              <TPX xmlns="http://www.garmin.com/xmlschemas/ActivityExtension/v2">
                <Speed>2.78</Speed>
              </TPX>
            </Extensions>
          </Trackpoint>
          <Trackpoint>
            <Time>2026-05-30T17:08:14.666Z</Time>
            <Position>
              <LatitudeDegrees>48.859701</LatitudeDegrees>
              <LongitudeDegrees>2.296861</LongitudeDegrees>
            </Position>
            <AltitudeMeters>37.4</AltitudeMeters>
            <DistanceMeters>392.1</DistanceMeters>
            <HeartRateBpm><Value>136</Value></HeartRateBpm>
            <Extensions>
              <TPX xmlns="http://www.garmin.com/xmlschemas/ActivityExtension/v2">
                <Speed>2.78</Speed>
              </TPX>
            </Extensions>
          </Trackpoint>
          <Trackpoint>
            <Time>2026-05-30T17:08:21.580Z</Time>
            <Position>
              <LatitudeDegrees>48.859650</LatitudeDegrees>
              <LongitudeDegrees>2.296943</LongitudeDegrees>
            </Position>
            <AltitudeMeters>37.9</AltitudeMeters>
            <DistanceMeters>416.9</DistanceMeters>
            <HeartRateBpm><Value>135</Value></HeartRateBpm>
            <Extensions>
              <TPX xmlns="http://www.garmin.com/xmlschemas/ActivityExtension/v2">
                <Speed>2.72</Speed>
              </TPX>
            </Extensions>
          </Trackpoint>
          <Trackpoint>
            <Time>2026-05-30T17:08:28.493Z</Time>
            <Position>
              <LatitudeDegrees>48.859599</LatitudeDegrees>
              <LongitudeDegrees>2.297025</LongitudeDegrees>
            </Position>
            <AltitudeMeters>38.2</AltitudeMeters>
            <DistanceMeters>441.6</DistanceMeters>
            <HeartRateBpm><Value>137</Value></HeartRateBpm>
            <Extensions>
              <TPX xmlns="http://www.garmin.com/xmlschemas/ActivityExtension/v2">
                <Speed>2.78</Speed>
              </TPX>
            </Extensions>
          </Trackpoint>
          <Trackpoint>
            <Time>2026-05-30T17:08:35.407Z</Time>
            <Position>
              <LatitudeDegrees>48.859548</LatitudeDegrees>
              <LongitudeDegrees>2.297107</LongitudeDegrees>
            </Position>
            <AltitudeMeters>37.7</AltitudeMeters>
            <DistanceMeters>466.4</DistanceMeters>
            <HeartRateBpm><Value>139</Value></HeartRateBpm>
            <Extensions>
              <TPX xmlns="http://www.garmin.com/xmlschemas/ActivityExtension/v2">
                <Speed>2.83</Speed>
              </TPX>
            </Extensions>
          </Trackpoint>
          <Trackpoint>
            <Time>2026-05-30T17:08:42.320Z</Time>
            <Position>
              <LatitudeDegrees>48.859497</LatitudeDegrees>
              <LongitudeDegrees>2.297189</LongitudeDegrees>
            </Position>
            <AltitudeMeters>37.7</AltitudeMeters>
            <DistanceMeters>491.1</DistanceMeters>
            <HeartRateBpm><Value>138</Value></HeartRateBpm>
            <Extensions>
              <TPX xmlns="http://www.garmin.com/xmlschemas/ActivityExtension/v2">
                <Speed>2.86</Speed>
              </TPX>
            </Extensions>
          </Trackpoint>
          <Trackpoint>
            <Time>2026-05-30T17:08:49.234Z</Time>
            <Position>
              <LatitudeDegrees>48.859446</LatitudeDegrees>
              <LongitudeDegrees>2.297271</LongitudeDegrees>
            </Position>
            <AltitudeMeters>37.9</AltitudeMeters>
            <DistanceMeters>515.8</DistanceMeters>
            <HeartRateBpm><Value>135</Value></HeartRateBpm>
            <Extensions>
              <TPX xmlns="http://www.garmin.com/xmlschemas/ActivityExtension/v2">
                <Speed>2.72</Speed>
              </TPX>
            </Extensions>
          </Trackpoint>
          <Trackpoint>
            <Time>2026-05-30T17:08:56.148Z</Time>
            <Position>
              <LatitudeDegrees>48.859395</LatitudeDegrees>
              <LongitudeDegrees>2.297353</LongitudeDegrees>
            </Position>
            <AltitudeMeters>38.3</AltitudeMeters>
            <DistanceMeters>540.6</DistanceMeters>
            <HeartRateBpm><Value>138</Value></HeartRateBpm>
            <Extensions>
              <TPX xmlns="http://www.garmin.com/xmlschemas/ActivityExtension/v2">
                <Speed>2.83</Speed>
              </TPX>
            </Extensions>
          </Trackpoint>
          <Trackpoint>
            <Time>2026-05-30T17:09:03.061Z</Time>
            <Position>
              <LatitudeDegrees>48.859344</LatitudeDegrees>
              <LongitudeDegrees>2.297435</LongitudeDegrees>
            </Position>
            <AltitudeMeters>38.2</AltitudeMeters>
            <DistanceMeters>565.3</DistanceMeters>
            <HeartRateBpm><Value>137</Value></HeartRateBpm>
            <Extensions>
              <TPX xmlns="http://www.garmin.com/xmlschemas/ActivityExtension/v2">
                <Speed>2.75</Speed>
              </TPX>
            </Extensions>
          </Trackpoint>
          <Trackpoint>
            <Time>2026-05-30T17:09:09.975Z</Time>
            <Position>
              <LatitudeDegrees>48.859293</LatitudeDegrees>
              <LongitudeDegrees>2.297517</LongitudeDegrees>
            </Position>
            <AltitudeMeters>37.7</AltitudeMeters>
            <DistanceMeters>590.1</DistanceMeters>
            <HeartRateBpm><Value>139</Value></HeartRateBpm>
            <Extensions>
              <TPX xmlns="http://www.garmin.com/xmlschemas/ActivityExtension/v2">
                <Speed>2.86</Speed>
              </TPX>
            </Extensions>
          </Trackpoint>
          <Trackpoint>
            <Time>2026-05-30T17:09:16.888Z</Time>
            <Position>
              <LatitudeDegrees>48.859240</LatitudeDegrees>
              <LongitudeDegrees>2.297598</LongitudeDegrees>
            </Position>
            <AltitudeMeters>38.1</AltitudeMeters>
            <DistanceMeters>615.0</DistanceMeters>
            <HeartRateBpm><Value>140</Value></HeartRateBpm>
            <Extensions>
              <TPX xmlns="http://www.garmin.com/xmlschemas/ActivityExtension/v2">
                <Speed>2.89</Speed>
              </TPX>
            </Extensions>
          </Trackpoint>
          <Trackpoint>
            <Time>2026-05-30T17:09:23.802Z</Time>
            <Position>
              <LatitudeDegrees>48.859187</LatitudeDegrees>
              <LongitudeDegrees>2.297678</LongitudeDegrees>
            </Position>
            <AltitudeMeters>38.0</AltitudeMeters>
            <DistanceMeters>640.0</DistanceMeters>
            <HeartRateBpm><Value>141</Value></HeartRateBpm>
            <Extensions>
              <TPX xmlns="http://www.garmin.com/xmlschemas/ActivityExtension/v2">
                <Speed>2.92</Speed>
              </TPX>
            </Extensions>
          </Trackpoint>
          <Trackpoint>
            <Time>2026-05-30T17:09:30.716Z</Time>
            <Position>
              <LatitudeDegrees>48.859134</LatitudeDegrees>
              <LongitudeDegrees>2.297759</LongitudeDegrees>
            </Position>
            <AltitudeMeters>38.4</AltitudeMeters>
            <DistanceMeters>664.9</DistanceMeters>
            <HeartRateBpm><Value>137</Value></HeartRateBpm>
            <Extensions>
              <TPX xmlns="http://www.garmin.com/xmlschemas/ActivityExtension/v2">
                <Speed>2.78</Speed>
              </TPX>
            </Extensions>
          </Trackpoint>
          <Trackpoint>
            <Time>2026-05-30T17:09:37.629Z</Time>
            <Position>
              <LatitudeDegrees>48.859082</LatitudeDegrees>
              <LongitudeDegrees>2.297839</LongitudeDegrees>
            </Position>
            <AltitudeMeters>38.1</AltitudeMeters>
            <DistanceMeters>689.8</DistanceMeters>
            <HeartRateBpm><Value>139</Value></HeartRateBpm>
            <Extensions>
              <TPX xmlns="http://www.garmin.com/xmlschemas/ActivityExtension/v2">
                <Speed>2.86</Speed>
              </TPX>
            </Extensions>
          </Trackpoint>
          <Trackpoint>
            <Time>2026-05-30T17:09:44.543Z</Time>
            <Position>
              <LatitudeDegrees>48.859029</LatitudeDegrees>
              <LongitudeDegrees>2.297920</LongitudeDegrees>
            </Position>
            <AltitudeMeters>38.2</AltitudeMeters>
            <DistanceMeters>714.8</DistanceMeters>
            <HeartRateBpm><Value>139</Value></HeartRateBpm>
            <Extensions>
              <TPX xmlns="http://www.garmin.com/xmlschemas/ActivityExtension/v2">
                <Speed>2.81</Speed>
              </TPX>
            </Extensions>
          </Trackpoint>
          <Trackpoint>
            <Time>2026-05-30T17:09:51.456Z</Time>
            <Position>
              <LatitudeDegrees>48.858976</LatitudeDegrees>
              <LongitudeDegrees>2.298000</LongitudeDegrees>
            </Position>
            <AltitudeMeters>38.3</AltitudeMeters>
            <DistanceMeters>739.7</DistanceMeters>
            <HeartRateBpm><Value>139</Value></HeartRateBpm>
            <Extensions>
              <TPX xmlns="http://www.garmin.com/xmlschemas/ActivityExtension/v2">
                <Speed>2.83</Speed>
              </TPX>
            </Extensions>
          </Trackpoint>
          <Trackpoint>
            <Time>2026-05-30T17:09:58.370Z</Time>
            <Position>
              <LatitudeDegrees>48.858923</LatitudeDegrees>
              <LongitudeDegrees>2.298081</LongitudeDegrees>
            </Position>
            <AltitudeMeters>38.7</AltitudeMeters>
            <DistanceMeters>764.7</DistanceMeters>
            <HeartRateBpm><Value>140</Value></HeartRateBpm>
            <Extensions>
              <TPX xmlns="http://www.garmin.com/xmlschemas/ActivityExtension/v2">
                <Speed>2.83</Speed>
              </TPX>
            </Extensions>
          </Trackpoint>
          <Trackpoint>
            <Time>2026-05-30T17:10:05.283Z</Time>
            <Position>
              <LatitudeDegrees>48.858870</LatitudeDegrees>
              <LongitudeDegrees>2.298161</LongitudeDegrees>
            </Position>
            <AltitudeMeters>38.6</AltitudeMeters>
            <DistanceMeters>789.6</DistanceMeters>
            <HeartRateBpm><Value>141</Value></HeartRateBpm>
            <Extensions>
              <TPX xmlns="http://www.garmin.com/xmlschemas/ActivityExtension/v2">
                <Speed>2.94</Speed>
              </TPX>
            </Extensions>
          </Trackpoint>
          <Trackpoint>
            <Time>2026-05-30T17:10:12.197Z</Time>
            <Position>
              <LatitudeDegrees>48.858817</LatitudeDegrees>
              <LongitudeDegrees>2.298242</LongitudeDegrees>
            </Position>
            <AltitudeMeters>38.9</AltitudeMeters>
            <DistanceMeters>814.6</DistanceMeters>
            <HeartRateBpm><Value>151</Value></HeartRateBpm>
            <Extensions>
              <TPX xmlns="http://www.garmin.com/xmlschemas/ActivityExtension/v2">
                <Speed>3.75</Speed>
              </TPX>
            </Extensions>
          </Trackpoint>
          <Trackpoint>
            <Time>2026-05-30T17:10:19.111Z</Time>
            <Position>
              <LatitudeDegrees>48.858764</LatitudeDegrees>
              <LongitudeDegrees>2.298322</LongitudeDegrees>
            </Position>
            <AltitudeMeters>38.6</AltitudeMeters>
            <DistanceMeters>839.5</DistanceMeters>
            <HeartRateBpm><Value>150</Value></HeartRateBpm>
            <Extensions>
              <TPX xmlns="http://www.garmin.com/xmlschemas/ActivityExtension/v2">
                <Speed>3.72</Speed>
              </TPX>
            </Extensions>
          </Trackpoint>
          <Trackpoint>
            <Time>2026-05-30T17:10:26.024Z</Time>
            <Position>
              <LatitudeDegrees>48.858711</LatitudeDegrees>
              <LongitudeDegrees>2.298403</LongitudeDegrees>
            </Position>
            <AltitudeMeters>38.4</AltitudeMeters>
            <DistanceMeters>864.5</DistanceMeters>
            <HeartRateBpm><Value>151</Value></HeartRateBpm>
            <Extensions>
              <TPX xmlns="http://www.garmin.com/xmlschemas/ActivityExtension/v2">
                <Speed>3.69</Speed>
              </TPX>
            </Extensions>
          </Trackpoint>
          <Trackpoint>
            <Time>2026-05-30T17:10:32.938Z</Time>
            <Position>
              <LatitudeDegrees>48.858658</LatitudeDegrees>
              <LongitudeDegrees>2.298483</LongitudeDegrees>
            </Position>
            <AltitudeMeters>38.3</AltitudeMeters>
            <DistanceMeters>889.4</DistanceMeters>
            <HeartRateBpm><Value>153</Value></HeartRateBpm>
            <Extensions>
              <TPX xmlns="http://www.garmin.com/xmlschemas/ActivityExtension/v2">
                <Speed>3.75</Speed>
              </TPX>
            </Extensions>
          </Trackpoint>
          <Trackpoint>
            <Time>2026-05-30T17:10:39.851Z</Time>
            <Position>
              <LatitudeDegrees>48.858605</LatitudeDegrees>
              <LongitudeDegrees>2.298564</LongitudeDegrees>
            </Position>
            <AltitudeMeters>39.0</AltitudeMeters>
            <DistanceMeters>914.4</DistanceMeters>
            <HeartRateBpm><Value>153</Value></HeartRateBpm>
            <Extensions>
              <TPX xmlns="http://www.garmin.com/xmlschemas/ActivityExtension/v2">
                <Speed>3.81</Speed>
              </TPX>
            </Extensions>
          </Trackpoint>
          <Trackpoint>
            <Time>2026-05-30T17:10:46.765Z</Time>
            <Position>
              <LatitudeDegrees>48.858552</LatitudeDegrees>
              <LongitudeDegrees>2.298644</LongitudeDegrees>
            </Position>
            <AltitudeMeters>38.6</AltitudeMeters>
            <DistanceMeters>939.3</DistanceMeters>
            <HeartRateBpm><Value>154</Value></HeartRateBpm>
            <Extensions>
              <TPX xmlns="http://www.garmin.com/xmlschemas/ActivityExtension/v2">
                <Speed>3.86</Speed>
              </TPX>
            </Extensions>
          </Trackpoint>
          <Trackpoint>
            <Time>2026-05-30T17:10:53.679Z</Time>
            <Position>
              <LatitudeDegrees>48.858499</LatitudeDegrees>
              <LongitudeDegrees>2.298725</LongitudeDegrees>
            </Position>
            <AltitudeMeters>38.6</AltitudeMeters>
            <DistanceMeters>964.3</DistanceMeters>
            <HeartRateBpm><Value>154</Value></HeartRateBpm>
            <Extensions>
              <TPX xmlns="http://www.garmin.com/xmlschemas/ActivityExtension/v2">
                <Speed>3.81</Speed>
              </TPX>
            </Extensions>
          </Trackpoint>
          <Trackpoint>
            <Time>2026-05-30T17:11:00.592Z</Time>
            <Position>
              <LatitudeDegrees>48.858446</LatitudeDegrees>
              <LongitudeDegrees>2.298805</LongitudeDegrees>
            </Position>
            <AltitudeMeters>38.9</AltitudeMeters>
            <DistanceMeters>989.2</DistanceMeters>
            <HeartRateBpm><Value>153</Value></HeartRateBpm>
            <Extensions>
              <TPX xmlns="http://www.garmin.com/xmlschemas/ActivityExtension/v2">
                <Speed>3.81</Speed>
              </TPX>
            </Extensions>
          </Trackpoint>
          <Trackpoint>
            <Time>2026-05-30T17:11:07.506Z</Time>
            <Position>
              <LatitudeDegrees>48.858393</LatitudeDegrees>
              <LongitudeDegrees>2.298886</LongitudeDegrees>
            </Position>
            <AltitudeMeters>39.2</AltitudeMeters>
            <DistanceMeters>1014.2</DistanceMeters>
            <HeartRateBpm><Value>154</Value></HeartRateBpm>
            <Extensions>
              <TPX xmlns="http://www.garmin.com/xmlschemas/ActivityExtension/v2">
                <Speed>3.94</Speed>
              </TPX>
            </Extensions>
          </Trackpoint>
          <Trackpoint>
            <Time>2026-05-30T17:11:14.419Z</Time>
            <Position>
              <LatitudeDegrees>48.858340</LatitudeDegrees>
              <LongitudeDegrees>2.298966</LongitudeDegrees>
            </Position>
            <AltitudeMeters>38.8</AltitudeMeters>
            <DistanceMeters>1039.1</DistanceMeters>
            <HeartRateBpm><Value>153</Value></HeartRateBpm>
            <Extensions>
              <TPX xmlns="http://www.garmin.com/xmlschemas/ActivityExtension/v2">
                <Speed>3.89</Speed>
              </TPX>
            </Extensions>
          </Trackpoint>
          <Trackpoint>
            <Time>2026-05-30T17:11:21.333Z</Time>
            <Position>
              <LatitudeDegrees>48.858287</LatitudeDegrees>
              <LongitudeDegrees>2.299046</LongitudeDegrees>
            </Position>
            <AltitudeMeters>38.9</AltitudeMeters>
            <DistanceMeters>1064.1</DistanceMeters>
            <HeartRateBpm><Value>154</Value></HeartRateBpm>
            <Extensions>
              <TPX xmlns="http://www.garmin.com/xmlschemas/ActivityExtension/v2">
                <Speed>3.86</Speed>
              </TPX>
            </Extensions>
          </Trackpoint>
          <Trackpoint>
            <Time>2026-05-30T17:11:28.246Z</Time>
            <Position>
              <LatitudeDegrees>48.858234</LatitudeDegrees>
              <LongitudeDegrees>2.299127</LongitudeDegrees>
            </Position>
            <AltitudeMeters>38.7</AltitudeMeters>
            <DistanceMeters>1089.0</DistanceMeters>
            <HeartRateBpm><Value>156</Value></HeartRateBpm>
            <Extensions>
              <TPX xmlns="http://www.garmin.com/xmlschemas/ActivityExtension/v2">
                <Speed>4.06</Speed>
              </TPX>
            </Extensions>
          </Trackpoint>
          <Trackpoint>
            <Time>2026-05-30T17:11:35.160Z</Time>
            <Position>
              <LatitudeDegrees>48.858181</LatitudeDegrees>
              <LongitudeDegrees>2.299207</LongitudeDegrees>
            </Position>
            <AltitudeMeters>39.1</AltitudeMeters>
            <DistanceMeters>1113.9</DistanceMeters>
            <HeartRateBpm><Value>158</Value></HeartRateBpm>
            <Extensions>
              <TPX xmlns="http://www.garmin.com/xmlschemas/ActivityExtension/v2">
                <Speed>4.06</Speed>
              </TPX>
            </Extensions>
          </Trackpoint>
          <Trackpoint>
            <Time>2026-05-30T17:11:42.074Z</Time>
            <Position>
              <LatitudeDegrees>48.858128</LatitudeDegrees>
              <LongitudeDegrees>2.299288</LongitudeDegrees>
            </Position>
            <AltitudeMeters>38.6</AltitudeMeters>
            <DistanceMeters>1138.9</DistanceMeters>
            <HeartRateBpm><Value>157</Value></HeartRateBpm>
            <Extensions>
              <TPX xmlns="http://www.garmin.com/xmlschemas/ActivityExtension/v2">
                <Speed>4.00</Speed>
              </TPX>
            </Extensions>
          </Trackpoint>
          <Trackpoint>
            <Time>2026-05-30T17:11:48.987Z</Time>
            <Position>
              <LatitudeDegrees>48.858075</LatitudeDegrees>
              <LongitudeDegrees>2.299368</LongitudeDegrees>
            </Position>
            <AltitudeMeters>38.9</AltitudeMeters>
            <DistanceMeters>1163.8</DistanceMeters>
            <HeartRateBpm><Value>157</Value></HeartRateBpm>
            <Extensions>
              <TPX xmlns="http://www.garmin.com/xmlschemas/ActivityExtension/v2">
                <Speed>4.03</Speed>
              </TPX>
            </Extensions>
          </Trackpoint>
          <Trackpoint>
            <Time>2026-05-30T17:11:55.901Z</Time>
            <Position>
              <LatitudeDegrees>48.858023</LatitudeDegrees>
              <LongitudeDegrees>2.299449</LongitudeDegrees>
            </Position>
            <AltitudeMeters>39.0</AltitudeMeters>
            <DistanceMeters>1188.8</DistanceMeters>
            <HeartRateBpm><Value>156</Value></HeartRateBpm>
            <Extensions>
              <TPX xmlns="http://www.garmin.com/xmlschemas/ActivityExtension/v2">
                <Speed>4.00</Speed>
              </TPX>
            </Extensions>
          </Trackpoint>
          <Trackpoint>
            <Time>2026-05-30T17:12:02.814Z</Time>
            <Position>
              <LatitudeDegrees>48.857970</LatitudeDegrees>
              <LongitudeDegrees>2.299529</LongitudeDegrees>
            </Position>
            <AltitudeMeters>38.7</AltitudeMeters>
            <DistanceMeters>1213.7</DistanceMeters>
            <HeartRateBpm><Value>159</Value></HeartRateBpm>
            <Extensions>
              <TPX xmlns="http://www.garmin.com/xmlschemas/ActivityExtension/v2">
                <Speed>4.11</Speed>
              </TPX>
            </Extensions>
          </Trackpoint>
          <Trackpoint>
            <Time>2026-05-30T17:12:09.728Z</Time>
            <Position>
              <LatitudeDegrees>48.857917</LatitudeDegrees>
              <LongitudeDegrees>2.299610</LongitudeDegrees>
            </Position>
            <AltitudeMeters>39.4</AltitudeMeters>
            <DistanceMeters>1238.7</DistanceMeters>
            <HeartRateBpm><Value>159</Value></HeartRateBpm>
            <Extensions>
              <TPX xmlns="http://www.garmin.com/xmlschemas/ActivityExtension/v2">
                <Speed>4.14</Speed>
              </TPX>
            </Extensions>
          </Trackpoint>
          <Trackpoint>
            <Time>2026-05-30T17:12:16.641Z</Time>
            <Position>
              <LatitudeDegrees>48.857864</LatitudeDegrees>
              <LongitudeDegrees>2.299690</LongitudeDegrees>
            </Position>
            <AltitudeMeters>39.1</AltitudeMeters>
            <DistanceMeters>1263.6</DistanceMeters>
            <HeartRateBpm><Value>159</Value></HeartRateBpm>
            <Extensions>
              <TPX xmlns="http://www.garmin.com/xmlschemas/ActivityExtension/v2">
                <Speed>4.14</Speed>
              </TPX>
            </Extensions>
          </Trackpoint>
          <Trackpoint>
            <Time>2026-05-30T17:12:23.555Z</Time>
            <Position>
              <LatitudeDegrees>48.857811</LatitudeDegrees>
              <LongitudeDegrees>2.299771</LongitudeDegrees>
            </Position>
            <AltitudeMeters>39.4</AltitudeMeters>
            <DistanceMeters>1288.6</DistanceMeters>
            <HeartRateBpm><Value>158</Value></HeartRateBpm>
            <Extensions>
              <TPX xmlns="http://www.garmin.com/xmlschemas/ActivityExtension/v2">
                <Speed>4.14</Speed>
              </TPX>
            </Extensions>
          </Trackpoint>
          <Trackpoint>
            <Time>2026-05-30T17:12:30.469Z</Time>
            <Position>
              <LatitudeDegrees>48.857758</LatitudeDegrees>
              <LongitudeDegrees>2.299851</LongitudeDegrees>
            </Position>
            <AltitudeMeters>39.1</AltitudeMeters>
            <DistanceMeters>1313.5</DistanceMeters>
            <HeartRateBpm><Value>159</Value></HeartRateBpm>
            <Extensions>
              <TPX xmlns="http://www.garmin.com/xmlschemas/ActivityExtension/v2">
                <Speed>4.14</Speed>
              </TPX>
            </Extensions>
          </Trackpoint>
          <Trackpoint>
            <Time>2026-05-30T17:12:37.382Z</Time>
            <Position>
              <LatitudeDegrees>48.857705</LatitudeDegrees>
              <LongitudeDegrees>2.299932</LongitudeDegrees>
            </Position>
            <AltitudeMeters>39.5</AltitudeMeters>
            <DistanceMeters>1338.5</DistanceMeters>
            <HeartRateBpm><Value>157</Value></HeartRateBpm>
            <Extensions>
              <TPX xmlns="http://www.garmin.com/xmlschemas/ActivityExtension/v2">
                <Speed>4.14</Speed>
              </TPX>
            </Extensions>
          </Trackpoint>
          <Trackpoint>
            <Time>2026-05-30T17:12:44.296Z</Time>
            <Position>
              <LatitudeDegrees>48.857652</LatitudeDegrees>
              <LongitudeDegrees>2.300012</LongitudeDegrees>
            </Position>
            <AltitudeMeters>39.5</AltitudeMeters>
            <DistanceMeters>1363.4</DistanceMeters>
            <HeartRateBpm><Value>158</Value></HeartRateBpm>
            <Extensions>
              <TPX xmlns="http://www.garmin.com/xmlschemas/ActivityExtension/v2">
                <Speed>4.14</Speed>
              </TPX>
            </Extensions>
          </Trackpoint>
          <Trackpoint>
            <Time>2026-05-30T17:12:51.209Z</Time>
            <Position>
              <LatitudeDegrees>48.857599</LatitudeDegrees>
              <LongitudeDegrees>2.300093</LongitudeDegrees>
            </Position>
            <AltitudeMeters>39.7</AltitudeMeters>
            <DistanceMeters>1388.3</DistanceMeters>
            <HeartRateBpm><Value>158</Value></HeartRateBpm>
            <Extensions>
              <TPX xmlns="http://www.garmin.com/xmlschemas/ActivityExtension/v2">
                <Speed>4.14</Speed>
              </TPX>
            </Extensions>
          </Trackpoint>
          <Trackpoint>
            <Time>2026-05-30T17:12:58.123Z</Time>
            <Position>
              <LatitudeDegrees>48.857578</LatitudeDegrees>
              <LongitudeDegrees>2.299984</LongitudeDegrees>
            </Position>
            <AltitudeMeters>39.3</AltitudeMeters>
            <DistanceMeters>1413.2</DistanceMeters>
            <HeartRateBpm><Value>160</Value></HeartRateBpm>
            <Extensions>
              <TPX xmlns="http://www.garmin.com/xmlschemas/ActivityExtension/v2">
                <Speed>4.14</Speed>
              </TPX>
            </Extensions>
          </Trackpoint>
          <Trackpoint>
            <Time>2026-05-30T17:13:05.037Z</Time>
            <Position>
              <LatitudeDegrees>48.857557</LatitudeDegrees>
              <LongitudeDegrees>2.299876</LongitudeDegrees>
            </Position>
            <AltitudeMeters>39.3</AltitudeMeters>
            <DistanceMeters>1438.0</DistanceMeters>
            <HeartRateBpm><Value>157</Value></HeartRateBpm>
            <Extensions>
              <TPX xmlns="http://www.garmin.com/xmlschemas/ActivityExtension/v2">
                <Speed>4.14</Speed>
              </TPX>
            </Extensions>
          </Trackpoint>
          <Trackpoint>
            <Time>2026-05-30T17:13:11.950Z</Time>
            <Position>
              <LatitudeDegrees>48.857535</LatitudeDegrees>
              <LongitudeDegrees>2.299767</LongitudeDegrees>
            </Position>
            <AltitudeMeters>39.4</AltitudeMeters>
            <DistanceMeters>1462.8</DistanceMeters>
            <HeartRateBpm><Value>159</Value></HeartRateBpm>
            <Extensions>
              <TPX xmlns="http://www.garmin.com/xmlschemas/ActivityExtension/v2">
                <Speed>4.14</Speed>
              </TPX>
            </Extensions>
          </Trackpoint>
          <Trackpoint>
            <Time>2026-05-30T17:13:18.864Z</Time>
            <Position>
              <LatitudeDegrees>48.857514</LatitudeDegrees>
              <LongitudeDegrees>2.299658</LongitudeDegrees>
            </Position>
            <AltitudeMeters>39.4</AltitudeMeters>
            <DistanceMeters>1487.7</DistanceMeters>
            <HeartRateBpm><Value>158</Value></HeartRateBpm>
            <Extensions>
              <TPX xmlns="http://www.garmin.com/xmlschemas/ActivityExtension/v2">
                <Speed>4.14</Speed>
              </TPX>
            </Extensions>
          </Trackpoint>
          <Trackpoint>
            <Time>2026-05-30T17:13:25.777Z</Time>
            <Position>
              <LatitudeDegrees>48.857493</LatitudeDegrees>
              <LongitudeDegrees>2.299550</LongitudeDegrees>
            </Position>
            <AltitudeMeters>39.2</AltitudeMeters>
            <DistanceMeters>1512.5</DistanceMeters>
            <HeartRateBpm><Value>159</Value></HeartRateBpm>
            <Extensions>
              <TPX xmlns="http://www.garmin.com/xmlschemas/ActivityExtension/v2">
                <Speed>4.14</Speed>
              </TPX>
            </Extensions>
          </Trackpoint>
          <Trackpoint>
            <Time>2026-05-30T17:13:32.691Z</Time>
            <Position>
              <LatitudeDegrees>48.857472</LatitudeDegrees>
              <LongitudeDegrees>2.299441</LongitudeDegrees>
            </Position>
            <AltitudeMeters>39.7</AltitudeMeters>
            <DistanceMeters>1537.3</DistanceMeters>
            <HeartRateBpm><Value>159</Value></HeartRateBpm>
            <Extensions>
              <TPX xmlns="http://www.garmin.com/xmlschemas/ActivityExtension/v2">
                <Speed>4.14</Speed>
              </TPX>
            </Extensions>
          </Trackpoint>
          <Trackpoint>
            <Time>2026-05-30T17:13:39.604Z</Time>
            <Position>
              <LatitudeDegrees>48.857451</LatitudeDegrees>
              <LongitudeDegrees>2.299333</LongitudeDegrees>
            </Position>
            <AltitudeMeters>39.4</AltitudeMeters>
            <DistanceMeters>1562.2</DistanceMeters>
            <HeartRateBpm><Value>159</Value></HeartRateBpm>
            <Extensions>
              <TPX xmlns="http://www.garmin.com/xmlschemas/ActivityExtension/v2">
                <Speed>4.14</Speed>
              </TPX>
            </Extensions>
          </Trackpoint>
          <Trackpoint>
            <Time>2026-05-30T17:13:46.518Z</Time>
            <Position>
              <LatitudeDegrees>48.857429</LatitudeDegrees>
              <LongitudeDegrees>2.299224</LongitudeDegrees>
            </Position>
            <AltitudeMeters>39.9</AltitudeMeters>
            <DistanceMeters>1587.0</DistanceMeters>
            <HeartRateBpm><Value>160</Value></HeartRateBpm>
            <Extensions>
              <TPX xmlns="http://www.garmin.com/xmlschemas/ActivityExtension/v2">
                <Speed>4.14</Speed>
              </TPX>
            </Extensions>
          </Trackpoint>
          <Trackpoint>
            <Time>2026-05-30T17:13:53.432Z</Time>
            <Position>
              <LatitudeDegrees>48.857408</LatitudeDegrees>
              <LongitudeDegrees>2.299115</LongitudeDegrees>
            </Position>
            <AltitudeMeters>39.2</AltitudeMeters>
            <DistanceMeters>1611.8</DistanceMeters>
            <HeartRateBpm><Value>158</Value></HeartRateBpm>
            <Extensions>
              <TPX xmlns="http://www.garmin.com/xmlschemas/ActivityExtension/v2">
                <Speed>4.14</Speed>
              </TPX>
            </Extensions>
          </Trackpoint>
          <Trackpoint>
            <Time>2026-05-30T17:14:00.345Z</Time>
            <Position>
              <LatitudeDegrees>48.857387</LatitudeDegrees>
              <LongitudeDegrees>2.299007</LongitudeDegrees>
            </Position>
            <AltitudeMeters>39.3</AltitudeMeters>
            <DistanceMeters>1636.6</DistanceMeters>
            <HeartRateBpm><Value>159</Value></HeartRateBpm>
            <Extensions>
              <TPX xmlns="http://www.garmin.com/xmlschemas/ActivityExtension/v2">
                <Speed>4.14</Speed>
              </TPX>
            </Extensions>
          </Trackpoint>
          <Trackpoint>
            <Time>2026-05-30T17:14:07.259Z</Time>
            <Position>
              <LatitudeDegrees>48.857366</LatitudeDegrees>
              <LongitudeDegrees>2.298898</LongitudeDegrees>
            </Position>
            <AltitudeMeters>39.2</AltitudeMeters>
            <DistanceMeters>1661.5</DistanceMeters>
            <HeartRateBpm><Value>150</Value></HeartRateBpm>
            <Extensions>
              <TPX xmlns="http://www.garmin.com/xmlschemas/ActivityExtension/v2">
                <Speed>3.47</Speed>
              </TPX>
            </Extensions>
          </Trackpoint>
          <Trackpoint>
            <Time>2026-05-30T17:14:14.172Z</Time>
            <Position>
              <LatitudeDegrees>48.857345</LatitudeDegrees>
              <LongitudeDegrees>2.298790</LongitudeDegrees>
            </Position>
            <AltitudeMeters>39.3</AltitudeMeters>
            <DistanceMeters>1686.3</DistanceMeters>
            <HeartRateBpm><Value>151</Value></HeartRateBpm>
            <Extensions>
              <TPX xmlns="http://www.garmin.com/xmlschemas/ActivityExtension/v2">
                <Speed>3.47</Speed>
              </TPX>
            </Extensions>
          </Trackpoint>
          <Trackpoint>
            <Time>2026-05-30T17:14:21.086Z</Time>
            <Position>
              <LatitudeDegrees>48.857323</LatitudeDegrees>
              <LongitudeDegrees>2.298681</LongitudeDegrees>
            </Position>
            <AltitudeMeters>39.2</AltitudeMeters>
            <DistanceMeters>1711.1</DistanceMeters>
            <HeartRateBpm><Value>148</Value></HeartRateBpm>
            <Extensions>
              <TPX xmlns="http://www.garmin.com/xmlschemas/ActivityExtension/v2">
                <Speed>3.33</Speed>
              </TPX>
            </Extensions>
          </Trackpoint>
          <Trackpoint>
            <Time>2026-05-30T17:14:28.000Z</Time>
            <Position>
              <LatitudeDegrees>48.857302</LatitudeDegrees>
              <LongitudeDegrees>2.298572</LongitudeDegrees>
            </Position>
            <AltitudeMeters>39.5</AltitudeMeters>
            <DistanceMeters>1736.0</DistanceMeters>
            <HeartRateBpm><Value>147</Value></HeartRateBpm>
            <Extensions>
              <TPX xmlns="http://www.garmin.com/xmlschemas/ActivityExtension/v2">
                <Speed>3.28</Speed>
              </TPX>
            </Extensions>
          </Trackpoint>
          <Trackpoint>
            <Time>2026-05-30T17:14:34.913Z</Time>
            <Position>
              <LatitudeDegrees>48.857281</LatitudeDegrees>
              <LongitudeDegrees>2.298464</LongitudeDegrees>
            </Position>
            <AltitudeMeters>39.6</AltitudeMeters>
            <DistanceMeters>1760.8</DistanceMeters>
            <HeartRateBpm><Value>148</Value></HeartRateBpm>
            <Extensions>
              <TPX xmlns="http://www.garmin.com/xmlschemas/ActivityExtension/v2">
                <Speed>3.28</Speed>
              </TPX>
            </Extensions>
          </Trackpoint>
          <Trackpoint>
            <Time>2026-05-30T17:14:41.827Z</Time>
            <Position>
              <LatitudeDegrees>48.857260</LatitudeDegrees>
              <LongitudeDegrees>2.298355</LongitudeDegrees>
            </Position>
            <AltitudeMeters>39.8</AltitudeMeters>
            <DistanceMeters>1785.6</DistanceMeters>
            <HeartRateBpm><Value>145</Value></HeartRateBpm>
            <Extensions>
              <TPX xmlns="http://www.garmin.com/xmlschemas/ActivityExtension/v2">
                <Speed>3.22</Speed>
              </TPX>
            </Extensions>
          </Trackpoint>
          <Trackpoint>
            <Time>2026-05-30T17:14:48.740Z</Time>
            <Position>
              <LatitudeDegrees>48.857239</LatitudeDegrees>
              <LongitudeDegrees>2.298247</LongitudeDegrees>
            </Position>
            <AltitudeMeters>39.6</AltitudeMeters>
            <DistanceMeters>1810.5</DistanceMeters>
            <HeartRateBpm><Value>147</Value></HeartRateBpm>
            <Extensions>
              <TPX xmlns="http://www.garmin.com/xmlschemas/ActivityExtension/v2">
                <Speed>3.28</Speed>
              </TPX>
            </Extensions>
          </Trackpoint>
          <Trackpoint>
            <Time>2026-05-30T17:14:55.654Z</Time>
            <Position>
              <LatitudeDegrees>48.857218</LatitudeDegrees>
              <LongitudeDegrees>2.298138</LongitudeDegrees>
            </Position>
            <AltitudeMeters>39.4</AltitudeMeters>
            <DistanceMeters>1835.3</DistanceMeters>
            <HeartRateBpm><Value>148</Value></HeartRateBpm>
            <Extensions>
              <TPX xmlns="http://www.garmin.com/xmlschemas/ActivityExtension/v2">
                <Speed>3.28</Speed>
              </TPX>
            </Extensions>
          </Trackpoint>
          <Trackpoint>
            <Time>2026-05-30T17:15:02.567Z</Time>
            <Position>
              <LatitudeDegrees>48.857196</LatitudeDegrees>
              <LongitudeDegrees>2.298029</LongitudeDegrees>
            </Position>
            <AltitudeMeters>39.5</AltitudeMeters>
            <DistanceMeters>1860.1</DistanceMeters>
            <HeartRateBpm><Value>146</Value></HeartRateBpm>
            <Extensions>
              <TPX xmlns="http://www.garmin.com/xmlschemas/ActivityExtension/v2">
                <Speed>3.31</Speed>
              </TPX>
            </Extensions>
          </Trackpoint>
          <Trackpoint>
            <Time>2026-05-30T17:15:09.481Z</Time>
            <Position>
              <LatitudeDegrees>48.857175</LatitudeDegrees>
              <LongitudeDegrees>2.297921</LongitudeDegrees>
            </Position>
            <AltitudeMeters>40.1</AltitudeMeters>
            <DistanceMeters>1884.9</DistanceMeters>
            <HeartRateBpm><Value>145</Value></HeartRateBpm>
            <Extensions>
              <TPX xmlns="http://www.garmin.com/xmlschemas/ActivityExtension/v2">
                <Speed>3.22</Speed>
              </TPX>
            </Extensions>
          </Trackpoint>
          <Trackpoint>
            <Time>2026-05-30T17:15:16.395Z</Time>
            <Position>
              <LatitudeDegrees>48.857154</LatitudeDegrees>
              <LongitudeDegrees>2.297812</LongitudeDegrees>
            </Position>
            <AltitudeMeters>39.9</AltitudeMeters>
            <DistanceMeters>1909.8</DistanceMeters>
            <HeartRateBpm><Value>143</Value></HeartRateBpm>
            <Extensions>
              <TPX xmlns="http://www.garmin.com/xmlschemas/ActivityExtension/v2">
                <Speed>3.14</Speed>
              </TPX>
            </Extensions>
          </Trackpoint>
          <Trackpoint>
            <Time>2026-05-30T17:15:23.308Z</Time>
            <Position>
              <LatitudeDegrees>48.857133</LatitudeDegrees>
              <LongitudeDegrees>2.297703</LongitudeDegrees>
            </Position>
            <AltitudeMeters>39.5</AltitudeMeters>
            <DistanceMeters>1934.6</DistanceMeters>
            <HeartRateBpm><Value>147</Value></HeartRateBpm>
            <Extensions>
              <TPX xmlns="http://www.garmin.com/xmlschemas/ActivityExtension/v2">
                <Speed>3.28</Speed>
              </TPX>
            </Extensions>
          </Trackpoint>
          <Trackpoint>
            <Time>2026-05-30T17:15:30.222Z</Time>
            <Position>
              <LatitudeDegrees>48.857112</LatitudeDegrees>
              <LongitudeDegrees>2.297595</LongitudeDegrees>
            </Position>
            <AltitudeMeters>39.7</AltitudeMeters>
            <DistanceMeters>1959.4</DistanceMeters>
            <HeartRateBpm><Value>146</Value></HeartRateBpm>
            <Extensions>
              <TPX xmlns="http://www.garmin.com/xmlschemas/ActivityExtension/v2">
                <Speed>3.14</Speed>
              </TPX>
            </Extensions>
          </Trackpoint>
          <Trackpoint>
            <Time>2026-05-30T17:15:37.135Z</Time>
            <Position>
              <LatitudeDegrees>48.857091</LatitudeDegrees>
              <LongitudeDegrees>2.297486</LongitudeDegrees>
            </Position>
            <AltitudeMeters>39.4</AltitudeMeters>
            <DistanceMeters>1984.3</DistanceMeters>
            <HeartRateBpm><Value>145</Value></HeartRateBpm>
            <Extensions>
              <TPX xmlns="http://www.garmin.com/xmlschemas/ActivityExtension/v2">
                <Speed>3.25</Speed>
              </TPX>
            </Extensions>
          </Trackpoint>
          <Trackpoint>
            <Time>2026-05-30T17:15:44.049Z</Time>
            <Position>
              <LatitudeDegrees>48.857070</LatitudeDegrees>
              <LongitudeDegrees>2.297378</LongitudeDegrees>
            </Position>
            <AltitudeMeters>40.1</AltitudeMeters>
            <DistanceMeters>2009.1</DistanceMeters>
            <HeartRateBpm><Value>145</Value></HeartRateBpm>
            <Extensions>
              <TPX xmlns="http://www.garmin.com/xmlschemas/ActivityExtension/v2">
                <Speed>3.19</Speed>
              </TPX>
            </Extensions>
          </Trackpoint>
          <Trackpoint>
            <Time>2026-05-30T17:15:50.962Z</Time>
            <Position>
              <LatitudeDegrees>48.857048</LatitudeDegrees>
              <LongitudeDegrees>2.297269</LongitudeDegrees>
            </Position>
            <AltitudeMeters>39.4</AltitudeMeters>
            <DistanceMeters>2033.9</DistanceMeters>
            <HeartRateBpm><Value>143</Value></HeartRateBpm>
            <Extensions>
              <TPX xmlns="http://www.garmin.com/xmlschemas/ActivityExtension/v2">
                <Speed>3.08</Speed>
              </TPX>
            </Extensions>
          </Trackpoint>
          <Trackpoint>
            <Time>2026-05-30T17:15:57.876Z</Time>
            <Position>
              <LatitudeDegrees>48.857027</LatitudeDegrees>
              <LongitudeDegrees>2.297160</LongitudeDegrees>
            </Position>
            <AltitudeMeters>39.4</AltitudeMeters>
            <DistanceMeters>2058.7</DistanceMeters>
            <HeartRateBpm><Value>144</Value></HeartRateBpm>
            <Extensions>
              <TPX xmlns="http://www.garmin.com/xmlschemas/ActivityExtension/v2">
                <Speed>3.14</Speed>
              </TPX>
            </Extensions>
          </Trackpoint>
          <Trackpoint>
            <Time>2026-05-30T17:16:04.790Z</Time>
            <Position>
              <LatitudeDegrees>48.857006</LatitudeDegrees>
              <LongitudeDegrees>2.297052</LongitudeDegrees>
            </Position>
            <AltitudeMeters>39.4</AltitudeMeters>
            <DistanceMeters>2083.6</DistanceMeters>
            <HeartRateBpm><Value>144</Value></HeartRateBpm>
            <Extensions>
              <TPX xmlns="http://www.garmin.com/xmlschemas/ActivityExtension/v2">
                <Speed>3.17</Speed>
              </TPX>
            </Extensions>
          </Trackpoint>
          <Trackpoint>
            <Time>2026-05-30T17:16:11.703Z</Time>
            <Position>
              <LatitudeDegrees>48.856985</LatitudeDegrees>
              <LongitudeDegrees>2.296943</LongitudeDegrees>
            </Position>
            <AltitudeMeters>39.7</AltitudeMeters>
            <DistanceMeters>2108.4</DistanceMeters>
            <HeartRateBpm><Value>144</Value></HeartRateBpm>
            <Extensions>
              <TPX xmlns="http://www.garmin.com/xmlschemas/ActivityExtension/v2">
                <Speed>3.17</Speed>
              </TPX>
            </Extensions>
          </Trackpoint>
          <Trackpoint>
            <Time>2026-05-30T17:16:18.617Z</Time>
            <Position>
              <LatitudeDegrees>48.856964</LatitudeDegrees>
              <LongitudeDegrees>2.296835</LongitudeDegrees>
            </Position>
            <AltitudeMeters>39.7</AltitudeMeters>
            <DistanceMeters>2133.2</DistanceMeters>
            <HeartRateBpm><Value>142</Value></HeartRateBpm>
            <Extensions>
              <TPX xmlns="http://www.garmin.com/xmlschemas/ActivityExtension/v2">
                <Speed>3.08</Speed>
              </TPX>
            </Extensions>
          </Trackpoint>
          <Trackpoint>
            <Time>2026-05-30T17:16:25.530Z</Time>
            <Position>
              <LatitudeDegrees>48.856943</LatitudeDegrees>
              <LongitudeDegrees>2.296726</LongitudeDegrees>
            </Position>
            <AltitudeMeters>39.5</AltitudeMeters>
            <DistanceMeters>2158.1</DistanceMeters>
            <HeartRateBpm><Value>141</Value></HeartRateBpm>
            <Extensions>
              <TPX xmlns="http://www.garmin.com/xmlschemas/ActivityExtension/v2">
                <Speed>3.00</Speed>
              </TPX>
            </Extensions>
          </Trackpoint>
          <Trackpoint>
            <Time>2026-05-30T17:16:32.444Z</Time>
            <Position>
              <LatitudeDegrees>48.856921</LatitudeDegrees>
              <LongitudeDegrees>2.296617</LongitudeDegrees>
            </Position>
            <AltitudeMeters>39.4</AltitudeMeters>
            <DistanceMeters>2182.9</DistanceMeters>
            <HeartRateBpm><Value>143</Value></HeartRateBpm>
            <Extensions>
              <TPX xmlns="http://www.garmin.com/xmlschemas/ActivityExtension/v2">
                <Speed>3.03</Speed>
              </TPX>
            </Extensions>
          </Trackpoint>
          <Trackpoint>
            <Time>2026-05-30T17:16:39.358Z</Time>
            <Position>
              <LatitudeDegrees>48.856900</LatitudeDegrees>
              <LongitudeDegrees>2.296509</LongitudeDegrees>
            </Position>
            <AltitudeMeters>39.3</AltitudeMeters>
            <DistanceMeters>2207.7</DistanceMeters>
            <HeartRateBpm><Value>143</Value></HeartRateBpm>
            <Extensions>
              <TPX xmlns="http://www.garmin.com/xmlschemas/ActivityExtension/v2">
                <Speed>3.00</Speed>
              </TPX>
            </Extensions>
          </Trackpoint>
          <Trackpoint>
            <Time>2026-05-30T17:16:46.271Z</Time>
            <Position>
              <LatitudeDegrees>48.856879</LatitudeDegrees>
              <LongitudeDegrees>2.296400</LongitudeDegrees>
            </Position>
            <AltitudeMeters>39.3</AltitudeMeters>
            <DistanceMeters>2232.5</DistanceMeters>
            <HeartRateBpm><Value>143</Value></HeartRateBpm>
            <Extensions>
              <TPX xmlns="http://www.garmin.com/xmlschemas/ActivityExtension/v2">
                <Speed>3.06</Speed>
              </TPX>
            </Extensions>
          </Trackpoint>
          <Trackpoint>
            <Time>2026-05-30T17:16:53.185Z</Time>
            <Position>
              <LatitudeDegrees>48.856858</LatitudeDegrees>
              <LongitudeDegrees>2.296292</LongitudeDegrees>
            </Position>
            <AltitudeMeters>39.4</AltitudeMeters>
            <DistanceMeters>2257.4</DistanceMeters>
            <HeartRateBpm><Value>141</Value></HeartRateBpm>
            <Extensions>
              <TPX xmlns="http://www.garmin.com/xmlschemas/ActivityExtension/v2">
                <Speed>2.97</Speed>
              </TPX>
            </Extensions>
          </Trackpoint>
          <Trackpoint>
            <Time>2026-05-30T17:17:00.098Z</Time>
            <Position>
              <LatitudeDegrees>48.856837</LatitudeDegrees>
              <LongitudeDegrees>2.296183</LongitudeDegrees>
            </Position>
            <AltitudeMeters>39.5</AltitudeMeters>
            <DistanceMeters>2282.2</DistanceMeters>
            <HeartRateBpm><Value>144</Value></HeartRateBpm>
            <Extensions>
              <TPX xmlns="http://www.garmin.com/xmlschemas/ActivityExtension/v2">
                <Speed>3.03</Speed>
              </TPX>
            </Extensions>
          </Trackpoint>
          <Trackpoint>
            <Time>2026-05-30T17:17:07.012Z</Time>
            <Position>
              <LatitudeDegrees>48.856815</LatitudeDegrees>
              <LongitudeDegrees>2.296074</LongitudeDegrees>
            </Position>
            <AltitudeMeters>39.3</AltitudeMeters>
            <DistanceMeters>2307.0</DistanceMeters>
            <HeartRateBpm><Value>142</Value></HeartRateBpm>
            <Extensions>
              <TPX xmlns="http://www.garmin.com/xmlschemas/ActivityExtension/v2">
                <Speed>3.06</Speed>
              </TPX>
            </Extensions>
          </Trackpoint>
          <Trackpoint>
            <Time>2026-05-30T17:17:13.925Z</Time>
            <Position>
              <LatitudeDegrees>48.856794</LatitudeDegrees>
              <LongitudeDegrees>2.295966</LongitudeDegrees>
            </Position>
            <AltitudeMeters>40.1</AltitudeMeters>
            <DistanceMeters>2331.9</DistanceMeters>
            <HeartRateBpm><Value>143</Value></HeartRateBpm>
            <Extensions>
              <TPX xmlns="http://www.garmin.com/xmlschemas/ActivityExtension/v2">
                <Speed>3.03</Speed>
              </TPX>
            </Extensions>
          </Trackpoint>
          <Trackpoint>
            <Time>2026-05-30T17:17:20.839Z</Time>
            <Position>
              <LatitudeDegrees>48.856773</LatitudeDegrees>
              <LongitudeDegrees>2.295857</LongitudeDegrees>
            </Position>
            <AltitudeMeters>40.0</AltitudeMeters>
            <DistanceMeters>2356.7</DistanceMeters>
            <HeartRateBpm><Value>142</Value></HeartRateBpm>
            <Extensions>
              <TPX xmlns="http://www.garmin.com/xmlschemas/ActivityExtension/v2">
                <Speed>3.06</Speed>
              </TPX>
            </Extensions>
          </Trackpoint>
          <Trackpoint>
            <Time>2026-05-30T17:17:27.753Z</Time>
            <Position>
              <LatitudeDegrees>48.856752</LatitudeDegrees>
              <LongitudeDegrees>2.295749</LongitudeDegrees>
            </Position>
            <AltitudeMeters>39.8</AltitudeMeters>
            <DistanceMeters>2381.5</DistanceMeters>
            <HeartRateBpm><Value>141</Value></HeartRateBpm>
            <Extensions>
              <TPX xmlns="http://www.garmin.com/xmlschemas/ActivityExtension/v2">
                <Speed>2.97</Speed>
              </TPX>
            </Extensions>
          </Trackpoint>
          <Trackpoint>
            <Time>2026-05-30T17:17:34.666Z</Time>
            <Position>
              <LatitudeDegrees>48.856731</LatitudeDegrees>
              <LongitudeDegrees>2.295640</LongitudeDegrees>
            </Position>
            <AltitudeMeters>39.9</AltitudeMeters>
            <DistanceMeters>2406.3</DistanceMeters>
            <HeartRateBpm><Value>141</Value></HeartRateBpm>
            <Extensions>
              <TPX xmlns="http://www.garmin.com/xmlschemas/ActivityExtension/v2">
                <Speed>3.00</Speed>
              </TPX>
            </Extensions>
          </Trackpoint>
          <Trackpoint>
            <Time>2026-05-30T17:17:41.580Z</Time>
            <Position>
              <LatitudeDegrees>48.856710</LatitudeDegrees>
              <LongitudeDegrees>2.295531</LongitudeDegrees>
            </Position>
            <AltitudeMeters>39.9</AltitudeMeters>
            <DistanceMeters>2431.2</DistanceMeters>
            <HeartRateBpm><Value>140</Value></HeartRateBpm>
            <Extensions>
              <TPX xmlns="http://www.garmin.com/xmlschemas/ActivityExtension/v2">
                <Speed>3.00</Speed>
              </TPX>
            </Extensions>
          </Trackpoint>
          <Trackpoint>
            <Time>2026-05-30T17:17:48.493Z</Time>
            <Position>
              <LatitudeDegrees>48.856688</LatitudeDegrees>
              <LongitudeDegrees>2.295423</LongitudeDegrees>
            </Position>
            <AltitudeMeters>39.4</AltitudeMeters>
            <DistanceMeters>2456.0</DistanceMeters>
            <HeartRateBpm><Value>142</Value></HeartRateBpm>
            <Extensions>
              <TPX xmlns="http://www.garmin.com/xmlschemas/ActivityExtension/v2">
                <Speed>3.03</Speed>
              </TPX>
            </Extensions>
          </Trackpoint>
          <Trackpoint>
            <Time>2026-05-30T17:17:55.407Z</Time>
            <Position>
              <LatitudeDegrees>48.856667</LatitudeDegrees>
              <LongitudeDegrees>2.295314</LongitudeDegrees>
            </Position>
            <AltitudeMeters>39.6</AltitudeMeters>
            <DistanceMeters>2480.8</DistanceMeters>
            <HeartRateBpm><Value>141</Value></HeartRateBpm>
            <Extensions>
              <TPX xmlns="http://www.garmin.com/xmlschemas/ActivityExtension/v2">
                <Speed>2.92</Speed>
              </TPX>
            </Extensions>
          </Trackpoint>
          <Trackpoint>
            <Time>2026-05-30T17:18:02.320Z</Time>
            <Position>
              <LatitudeDegrees>48.856646</LatitudeDegrees>
              <LongitudeDegrees>2.295206</LongitudeDegrees>
            </Position>
            <AltitudeMeters>39.6</AltitudeMeters>
            <DistanceMeters>2505.7</DistanceMeters>
            <HeartRateBpm><Value>142</Value></HeartRateBpm>
            <Extensions>
              <TPX xmlns="http://www.garmin.com/xmlschemas/ActivityExtension/v2">
                <Speed>3.08</Speed>
              </TPX>
            </Extensions>
          </Trackpoint>
          <Trackpoint>
            <Time>2026-05-30T17:18:09.234Z</Time>
            <Position>
              <LatitudeDegrees>48.856625</LatitudeDegrees>
              <LongitudeDegrees>2.295097</LongitudeDegrees>
            </Position>
            <AltitudeMeters>39.5</AltitudeMeters>
            <DistanceMeters>2530.5</DistanceMeters>
            <HeartRateBpm><Value>142</Value></HeartRateBpm>
            <Extensions>
              <TPX xmlns="http://www.garmin.com/xmlschemas/ActivityExtension/v2">
                <Speed>3.06</Speed>
              </TPX>
            </Extensions>
          </Trackpoint>
          <Trackpoint>
            <Time>2026-05-30T17:18:16.148Z</Time>
            <Position>
              <LatitudeDegrees>48.856604</LatitudeDegrees>
              <LongitudeDegrees>2.294988</LongitudeDegrees>
            </Position>
            <AltitudeMeters>39.9</AltitudeMeters>
            <DistanceMeters>2555.3</DistanceMeters>
            <HeartRateBpm><Value>142</Value></HeartRateBpm>
            <Extensions>
              <TPX xmlns="http://www.garmin.com/xmlschemas/ActivityExtension/v2">
                <Speed>3.08</Speed>
              </TPX>
            </Extensions>
          </Trackpoint>
          <Trackpoint>
            <Time>2026-05-30T17:18:23.061Z</Time>
            <Position>
              <LatitudeDegrees>48.856582</LatitudeDegrees>
              <LongitudeDegrees>2.294880</LongitudeDegrees>
            </Position>
            <AltitudeMeters>39.3</AltitudeMeters>
            <DistanceMeters>2580.2</DistanceMeters>
            <HeartRateBpm><Value>142</Value></HeartRateBpm>
            <Extensions>
              <TPX xmlns="http://www.garmin.com/xmlschemas/ActivityExtension/v2">
                <Speed>3.00</Speed>
              </TPX>
            </Extensions>
          </Trackpoint>
          <Trackpoint>
            <Time>2026-05-30T17:18:29.975Z</Time>
            <Position>
              <LatitudeDegrees>48.856561</LatitudeDegrees>
              <LongitudeDegrees>2.294771</LongitudeDegrees>
            </Position>
            <AltitudeMeters>39.6</AltitudeMeters>
            <DistanceMeters>2605.0</DistanceMeters>
            <HeartRateBpm><Value>142</Value></HeartRateBpm>
            <Extensions>
              <TPX xmlns="http://www.garmin.com/xmlschemas/ActivityExtension/v2">
                <Speed>3.08</Speed>
              </TPX>
            </Extensions>
          </Trackpoint>
          <Trackpoint>
            <Time>2026-05-30T17:18:36.888Z</Time>
            <Position>
              <LatitudeDegrees>48.856540</LatitudeDegrees>
              <LongitudeDegrees>2.294663</LongitudeDegrees>
            </Position>
            <AltitudeMeters>39.8</AltitudeMeters>
            <DistanceMeters>2629.8</DistanceMeters>
            <HeartRateBpm><Value>140</Value></HeartRateBpm>
            <Extensions>
              <TPX xmlns="http://www.garmin.com/xmlschemas/ActivityExtension/v2">
                <Speed>2.97</Speed>
              </TPX>
            </Extensions>
          </Trackpoint>
          <Trackpoint>
            <Time>2026-05-30T17:18:43.802Z</Time>
            <Position>
              <LatitudeDegrees>48.856519</LatitudeDegrees>
              <LongitudeDegrees>2.294554</LongitudeDegrees>
            </Position>
            <AltitudeMeters>39.6</AltitudeMeters>
            <DistanceMeters>2654.7</DistanceMeters>
            <HeartRateBpm><Value>142</Value></HeartRateBpm>
            <Extensions>
              <TPX xmlns="http://www.garmin.com/xmlschemas/ActivityExtension/v2">
                <Speed>3.14</Speed>
              </TPX>
            </Extensions>
          </Trackpoint>
          <Trackpoint>
            <Time>2026-05-30T17:18:50.716Z</Time>
            <Position>
              <LatitudeDegrees>48.856498</LatitudeDegrees>
              <LongitudeDegrees>2.294445</LongitudeDegrees>
            </Position>
            <AltitudeMeters>39.3</AltitudeMeters>
            <DistanceMeters>2679.5</DistanceMeters>
            <HeartRateBpm><Value>139</Value></HeartRateBpm>
            <Extensions>
              <TPX xmlns="http://www.garmin.com/xmlschemas/ActivityExtension/v2">
                <Speed>3.03</Speed>
              </TPX>
            </Extensions>
          </Trackpoint>
          <Trackpoint>
            <Time>2026-05-30T17:18:57.629Z</Time>
            <Position>
              <LatitudeDegrees>48.856476</LatitudeDegrees>
              <LongitudeDegrees>2.294337</LongitudeDegrees>
            </Position>
            <AltitudeMeters>39.9</AltitudeMeters>
            <DistanceMeters>2704.3</DistanceMeters>
            <HeartRateBpm><Value>140</Value></HeartRateBpm>
            <Extensions>
              <TPX xmlns="http://www.garmin.com/xmlschemas/ActivityExtension/v2">
                <Speed>3.03</Speed>
              </TPX>
            </Extensions>
          </Trackpoint>
          <Trackpoint>
            <Time>2026-05-30T17:19:04.543Z</Time>
            <Position>
              <LatitudeDegrees>48.856455</LatitudeDegrees>
              <LongitudeDegrees>2.294228</LongitudeDegrees>
            </Position>
            <AltitudeMeters>39.4</AltitudeMeters>
            <DistanceMeters>2729.1</DistanceMeters>
            <HeartRateBpm><Value>141</Value></HeartRateBpm>
            <Extensions>
              <TPX xmlns="http://www.garmin.com/xmlschemas/ActivityExtension/v2">
                <Speed>3.06</Speed>
              </TPX>
            </Extensions>
          </Trackpoint>
          <Trackpoint>
            <Time>2026-05-30T17:19:11.456Z</Time>
            <Position>
              <LatitudeDegrees>48.856434</LatitudeDegrees>
              <LongitudeDegrees>2.294120</LongitudeDegrees>
            </Position>
            <AltitudeMeters>39.1</AltitudeMeters>
            <DistanceMeters>2754.0</DistanceMeters>
            <HeartRateBpm><Value>142</Value></HeartRateBpm>
            <Extensions>
              <TPX xmlns="http://www.garmin.com/xmlschemas/ActivityExtension/v2">
                <Speed>3.14</Speed>
              </TPX>
            </Extensions>
          </Trackpoint>
          <Trackpoint>
            <Time>2026-05-30T17:19:18.370Z</Time>
            <Position>
              <LatitudeDegrees>48.856413</LatitudeDegrees>
              <LongitudeDegrees>2.294011</LongitudeDegrees>
            </Position>
            <AltitudeMeters>39.8</AltitudeMeters>
            <DistanceMeters>2778.8</DistanceMeters>
            <HeartRateBpm><Value>141</Value></HeartRateBpm>
            <Extensions>
              <TPX xmlns="http://www.garmin.com/xmlschemas/ActivityExtension/v2">
                <Speed>3.11</Speed>
              </TPX>
            </Extensions>
          </Trackpoint>
          <Trackpoint>
            <Time>2026-05-30T17:19:25.283Z</Time>
            <Position>
              <LatitudeDegrees>48.856392</LatitudeDegrees>
              <LongitudeDegrees>2.293902</LongitudeDegrees>
            </Position>
            <AltitudeMeters>39.7</AltitudeMeters>
            <DistanceMeters>2803.6</DistanceMeters>
            <HeartRateBpm><Value>142</Value></HeartRateBpm>
            <Extensions>
              <TPX xmlns="http://www.garmin.com/xmlschemas/ActivityExtension/v2">
                <Speed>3.06</Speed>
              </TPX>
            </Extensions>
          </Trackpoint>
          <Trackpoint>
            <Time>2026-05-30T17:19:32.197Z</Time>
            <Position>
              <LatitudeDegrees>48.856370</LatitudeDegrees>
              <LongitudeDegrees>2.293794</LongitudeDegrees>
            </Position>
            <AltitudeMeters>39.3</AltitudeMeters>
            <DistanceMeters>2828.5</DistanceMeters>
            <HeartRateBpm><Value>140</Value></HeartRateBpm>
            <Extensions>
              <TPX xmlns="http://www.garmin.com/xmlschemas/ActivityExtension/v2">
                <Speed>3.11</Speed>
              </TPX>
            </Extensions>
          </Trackpoint>
          <Trackpoint>
            <Time>2026-05-30T17:19:39.111Z</Time>
            <Position>
              <LatitudeDegrees>48.856349</LatitudeDegrees>
              <LongitudeDegrees>2.293685</LongitudeDegrees>
            </Position>
            <AltitudeMeters>39.8</AltitudeMeters>
            <DistanceMeters>2853.3</DistanceMeters>
            <HeartRateBpm><Value>142</Value></HeartRateBpm>
            <Extensions>
              <TPX xmlns="http://www.garmin.com/xmlschemas/ActivityExtension/v2">
                <Speed>3.17</Speed>
              </TPX>
            </Extensions>
          </Trackpoint>
          <Trackpoint>
            <Time>2026-05-30T17:19:46.024Z</Time>
            <Position>
              <LatitudeDegrees>48.856328</LatitudeDegrees>
              <LongitudeDegrees>2.293577</LongitudeDegrees>
            </Position>
            <AltitudeMeters>39.1</AltitudeMeters>
            <DistanceMeters>2878.1</DistanceMeters>
            <HeartRateBpm><Value>141</Value></HeartRateBpm>
            <Extensions>
              <TPX xmlns="http://www.garmin.com/xmlschemas/ActivityExtension/v2">
                <Speed>3.14</Speed>
              </TPX>
            </Extensions>
          </Trackpoint>
          <Trackpoint>
            <Time>2026-05-30T17:19:52.938Z</Time>
            <Position>
              <LatitudeDegrees>48.856307</LatitudeDegrees>
              <LongitudeDegrees>2.293468</LongitudeDegrees>
            </Position>
            <AltitudeMeters>39.3</AltitudeMeters>
            <DistanceMeters>2903.0</DistanceMeters>
            <HeartRateBpm><Value>141</Value></HeartRateBpm>
            <Extensions>
              <TPX xmlns="http://www.garmin.com/xmlschemas/ActivityExtension/v2">
                <Speed>3.17</Speed>
              </TPX>
            </Extensions>
          </Trackpoint>
          <Trackpoint>
            <Time>2026-05-30T17:19:59.851Z</Time>
            <Position>
              <LatitudeDegrees>48.856286</LatitudeDegrees>
              <LongitudeDegrees>2.293359</LongitudeDegrees>
            </Position>
            <AltitudeMeters>39.1</AltitudeMeters>
            <DistanceMeters>2927.8</DistanceMeters>
            <HeartRateBpm><Value>141</Value></HeartRateBpm>
            <Extensions>
              <TPX xmlns="http://www.garmin.com/xmlschemas/ActivityExtension/v2">
                <Speed>3.17</Speed>
              </TPX>
            </Extensions>
          </Trackpoint>
          <Trackpoint>
            <Time>2026-05-30T17:20:06.765Z</Time>
            <Position>
              <LatitudeDegrees>48.856265</LatitudeDegrees>
              <LongitudeDegrees>2.293251</LongitudeDegrees>
            </Position>
            <AltitudeMeters>39.3</AltitudeMeters>
            <DistanceMeters>2952.6</DistanceMeters>
            <HeartRateBpm><Value>143</Value></HeartRateBpm>
            <Extensions>
              <TPX xmlns="http://www.garmin.com/xmlschemas/ActivityExtension/v2">
                <Speed>3.25</Speed>
              </TPX>
            </Extensions>
          </Trackpoint>
          <Trackpoint>
            <Time>2026-05-30T17:20:13.679Z</Time>
            <Position>
              <LatitudeDegrees>48.856243</LatitudeDegrees>
              <LongitudeDegrees>2.293142</LongitudeDegrees>
            </Position>
            <AltitudeMeters>39.7</AltitudeMeters>
            <DistanceMeters>2977.4</DistanceMeters>
            <HeartRateBpm><Value>141</Value></HeartRateBpm>
            <Extensions>
              <TPX xmlns="http://www.garmin.com/xmlschemas/ActivityExtension/v2">
                <Speed>3.22</Speed>
              </TPX>
            </Extensions>
          </Trackpoint>
          <Trackpoint>
            <Time>2026-05-30T17:20:20.592Z</Time>
            <Position>
              <LatitudeDegrees>48.856222</LatitudeDegrees>
              <LongitudeDegrees>2.293034</LongitudeDegrees>
            </Position>
            <AltitudeMeters>39.4</AltitudeMeters>
            <DistanceMeters>3002.3</DistanceMeters>
            <HeartRateBpm><Value>141</Value></HeartRateBpm>
            <Extensions>
              <TPX xmlns="http://www.garmin.com/xmlschemas/ActivityExtension/v2">
                <Speed>3.19</Speed>
              </TPX>
            </Extensions>
          </Trackpoint>
          <Trackpoint>
            <Time>2026-05-30T17:20:27.506Z</Time>
            <Position>
              <LatitudeDegrees>48.856201</LatitudeDegrees>
              <LongitudeDegrees>2.292925</LongitudeDegrees>
            </Position>
            <AltitudeMeters>39.0</AltitudeMeters>
            <DistanceMeters>3027.1</DistanceMeters>
            <HeartRateBpm><Value>142</Value></HeartRateBpm>
            <Extensions>
              <TPX xmlns="http://www.garmin.com/xmlschemas/ActivityExtension/v2">
                <Speed>3.17</Speed>
              </TPX>
            </Extensions>
          </Trackpoint>
          <Trackpoint>
            <Time>2026-05-30T17:20:34.419Z</Time>
            <Position>
              <LatitudeDegrees>48.856202</LatitudeDegrees>
              <LongitudeDegrees>2.292916</LongitudeDegrees>
            </Position>
            <AltitudeMeters>39.6</AltitudeMeters>
            <DistanceMeters>3029.1</DistanceMeters>
            <HeartRateBpm><Value>141</Value></HeartRateBpm>
            <Extensions>
              <TPX xmlns="http://www.garmin.com/xmlschemas/ActivityExtension/v2">
                <Speed>3.25</Speed>
              </TPX>
            </Extensions>
          </Trackpoint>
          <Trackpoint>
            <Time>2026-05-30T17:20:41.333Z</Time>
            <Position>
              <LatitudeDegrees>48.856203</LatitudeDegrees>
              <LongitudeDegrees>2.292907</LongitudeDegrees>
            </Position>
            <AltitudeMeters>39.3</AltitudeMeters>
            <DistanceMeters>3031.1</DistanceMeters>
            <HeartRateBpm><Value>144</Value></HeartRateBpm>
            <Extensions>
              <TPX xmlns="http://www.garmin.com/xmlschemas/ActivityExtension/v2">
                <Speed>3.31</Speed>
              </TPX>
            </Extensions>
          </Trackpoint>
          <Trackpoint>
            <Time>2026-05-30T17:20:48.246Z</Time>
            <Position>
              <LatitudeDegrees>48.856205</LatitudeDegrees>
              <LongitudeDegrees>2.292898</LongitudeDegrees>
            </Position>
            <AltitudeMeters>39.4</AltitudeMeters>
            <DistanceMeters>3033.1</DistanceMeters>
            <HeartRateBpm><Value>142</Value></HeartRateBpm>
            <Extensions>
              <TPX xmlns="http://www.garmin.com/xmlschemas/ActivityExtension/v2">
                <Speed>3.22</Speed>
              </TPX>
            </Extensions>
          </Trackpoint>
          <Trackpoint>
            <Time>2026-05-30T17:20:55.160Z</Time>
            <Position>
              <LatitudeDegrees>48.856206</LatitudeDegrees>
              <LongitudeDegrees>2.292889</LongitudeDegrees>
            </Position>
            <AltitudeMeters>38.9</AltitudeMeters>
            <DistanceMeters>3035.1</DistanceMeters>
            <HeartRateBpm><Value>143</Value></HeartRateBpm>
            <Extensions>
              <TPX xmlns="http://www.garmin.com/xmlschemas/ActivityExtension/v2">
                <Speed>3.31</Speed>
              </TPX>
            </Extensions>
          </Trackpoint>
          <Trackpoint>
            <Time>2026-05-30T17:21:02.074Z</Time>
            <Position>
              <LatitudeDegrees>48.856207</LatitudeDegrees>
              <LongitudeDegrees>2.292880</LongitudeDegrees>
            </Position>
            <AltitudeMeters>39.4</AltitudeMeters>
            <DistanceMeters>3037.1</DistanceMeters>
            <HeartRateBpm><Value>143</Value></HeartRateBpm>
            <Extensions>
              <TPX xmlns="http://www.garmin.com/xmlschemas/ActivityExtension/v2">
                <Speed>3.39</Speed>
              </TPX>
            </Extensions>
          </Trackpoint>
          <Trackpoint>
            <Time>2026-05-30T17:21:08.987Z</Time>
            <Position>
              <LatitudeDegrees>48.856208</LatitudeDegrees>
              <LongitudeDegrees>2.292871</LongitudeDegrees>
            </Position>
            <AltitudeMeters>39.2</AltitudeMeters>
            <DistanceMeters>3039.1</DistanceMeters>
            <HeartRateBpm><Value>143</Value></HeartRateBpm>
            <Extensions>
              <TPX xmlns="http://www.garmin.com/xmlschemas/ActivityExtension/v2">
                <Speed>3.36</Speed>
              </TPX>
            </Extensions>
          </Trackpoint>
          <Trackpoint>
            <Time>2026-05-30T17:21:15.901Z</Time>
            <Position>
              <LatitudeDegrees>48.856209</LatitudeDegrees>
              <LongitudeDegrees>2.292862</LongitudeDegrees>
            </Position>
            <AltitudeMeters>39.1</AltitudeMeters>
            <DistanceMeters>3041.1</DistanceMeters>
            <HeartRateBpm><Value>141</Value></HeartRateBpm>
            <Extensions>
              <TPX xmlns="http://www.garmin.com/xmlschemas/ActivityExtension/v2">
                <Speed>3.25</Speed>
              </TPX>
            </Extensions>
          </Trackpoint>
          <Trackpoint>
            <Time>2026-05-30T17:21:22.814Z</Time>
            <Position>
              <LatitudeDegrees>48.856211</LatitudeDegrees>
              <LongitudeDegrees>2.292853</LongitudeDegrees>
            </Position>
            <AltitudeMeters>38.8</AltitudeMeters>
            <DistanceMeters>3043.1</DistanceMeters>
            <HeartRateBpm><Value>142</Value></HeartRateBpm>
            <Extensions>
              <TPX xmlns="http://www.garmin.com/xmlschemas/ActivityExtension/v2">
                <Speed>3.28</Speed>
              </TPX>
            </Extensions>
          </Trackpoint>
          <Trackpoint>
            <Time>2026-05-30T17:21:29.728Z</Time>
            <Position>
              <LatitudeDegrees>48.856212</LatitudeDegrees>
              <LongitudeDegrees>2.292845</LongitudeDegrees>
            </Position>
            <AltitudeMeters>38.8</AltitudeMeters>
            <DistanceMeters>3045.1</DistanceMeters>
            <HeartRateBpm><Value>141</Value></HeartRateBpm>
            <Extensions>
              <TPX xmlns="http://www.garmin.com/xmlschemas/ActivityExtension/v2">
                <Speed>3.28</Speed>
              </TPX>
            </Extensions>
          </Trackpoint>
          <Trackpoint>
            <Time>2026-05-30T17:21:36.641Z</Time>
            <Position>
              <LatitudeDegrees>48.856213</LatitudeDegrees>
              <LongitudeDegrees>2.292836</LongitudeDegrees>
            </Position>
            <AltitudeMeters>39.5</AltitudeMeters>
            <DistanceMeters>3047.1</DistanceMeters>
            <HeartRateBpm><Value>142</Value></HeartRateBpm>
            <Extensions>
              <TPX xmlns="http://www.garmin.com/xmlschemas/ActivityExtension/v2">
                <Speed>3.28</Speed>
              </TPX>
            </Extensions>
          </Trackpoint>
          <Trackpoint>
            <Time>2026-05-30T17:21:43.555Z</Time>
            <Position>
              <LatitudeDegrees>48.856214</LatitudeDegrees>
              <LongitudeDegrees>2.292827</LongitudeDegrees>
            </Position>
            <AltitudeMeters>39.2</AltitudeMeters>
            <DistanceMeters>3049.1</DistanceMeters>
            <HeartRateBpm><Value>141</Value></HeartRateBpm>
            <Extensions>
              <TPX xmlns="http://www.garmin.com/xmlschemas/ActivityExtension/v2">
                <Speed>3.17</Speed>
              </TPX>
            </Extensions>
          </Trackpoint>
          <Trackpoint>
            <Time>2026-05-30T17:21:50.469Z</Time>
            <Position>
              <LatitudeDegrees>48.856215</LatitudeDegrees>
              <LongitudeDegrees>2.292818</LongitudeDegrees>
            </Position>
            <AltitudeMeters>39.0</AltitudeMeters>
            <DistanceMeters>3051.1</DistanceMeters>
            <HeartRateBpm><Value>137</Value></HeartRateBpm>
            <Extensions>
              <TPX xmlns="http://www.garmin.com/xmlschemas/ActivityExtension/v2">
                <Speed>3.03</Speed>
              </TPX>
            </Extensions>
          </Trackpoint>
          <Trackpoint>
            <Time>2026-05-30T17:21:57.382Z</Time>
            <Position>
              <LatitudeDegrees>48.856162</LatitudeDegrees>
              <LongitudeDegrees>2.292899</LongitudeDegrees>
            </Position>
            <AltitudeMeters>38.7</AltitudeMeters>
            <DistanceMeters>3076.1</DistanceMeters>
            <HeartRateBpm><Value>138</Value></HeartRateBpm>
            <Extensions>
              <TPX xmlns="http://www.garmin.com/xmlschemas/ActivityExtension/v2">
                <Speed>3.17</Speed>
              </TPX>
            </Extensions>
          </Trackpoint>
          <Trackpoint>
            <Time>2026-05-30T17:22:04.296Z</Time>
            <Position>
              <LatitudeDegrees>48.856109</LatitudeDegrees>
              <LongitudeDegrees>2.292980</LongitudeDegrees>
            </Position>
            <AltitudeMeters>39.5</AltitudeMeters>
            <DistanceMeters>3101.2</DistanceMeters>
            <HeartRateBpm><Value>139</Value></HeartRateBpm>
            <Extensions>
              <TPX xmlns="http://www.garmin.com/xmlschemas/ActivityExtension/v2">
                <Speed>3.08</Speed>
              </TPX>
            </Extensions>
          </Trackpoint>
          <Trackpoint>
            <Time>2026-05-30T17:22:11.209Z</Time>
            <Position>
              <LatitudeDegrees>48.856056</LatitudeDegrees>
              <LongitudeDegrees>2.293061</LongitudeDegrees>
            </Position>
            <AltitudeMeters>39.4</AltitudeMeters>
            <DistanceMeters>3126.2</DistanceMeters>
            <HeartRateBpm><Value>136</Value></HeartRateBpm>
            <Extensions>
              <TPX xmlns="http://www.garmin.com/xmlschemas/ActivityExtension/v2">
                <Speed>3.00</Speed>
              </TPX>
            </Extensions>
          </Trackpoint>
          <Trackpoint>
            <Time>2026-05-30T17:22:18.123Z</Time>
            <Position>
              <LatitudeDegrees>48.856003</LatitudeDegrees>
              <LongitudeDegrees>2.293142</LongitudeDegrees>
            </Position>
            <AltitudeMeters>39.2</AltitudeMeters>
            <DistanceMeters>3151.3</DistanceMeters>
            <HeartRateBpm><Value>138</Value></HeartRateBpm>
            <Extensions>
              <TPX xmlns="http://www.garmin.com/xmlschemas/ActivityExtension/v2">
                <Speed>3.06</Speed>
              </TPX>
            </Extensions>
          </Trackpoint>
          <Trackpoint>
            <Time>2026-05-30T17:22:25.037Z</Time>
            <Position>
              <LatitudeDegrees>48.855950</LatitudeDegrees>
              <LongitudeDegrees>2.293223</LongitudeDegrees>
            </Position>
            <AltitudeMeters>39.0</AltitudeMeters>
            <DistanceMeters>3176.3</DistanceMeters>
            <HeartRateBpm><Value>135</Value></HeartRateBpm>
            <Extensions>
              <TPX xmlns="http://www.garmin.com/xmlschemas/ActivityExtension/v2">
                <Speed>2.92</Speed>
              </TPX>
            </Extensions>
          </Trackpoint>
          <Trackpoint>
            <Time>2026-05-30T17:22:31.950Z</Time>
            <Position>
              <LatitudeDegrees>48.855898</LatitudeDegrees>
              <LongitudeDegrees>2.293305</LongitudeDegrees>
            </Position>
            <AltitudeMeters>39.2</AltitudeMeters>
            <DistanceMeters>3201.4</DistanceMeters>
            <HeartRateBpm><Value>137</Value></HeartRateBpm>
            <Extensions>
              <TPX xmlns="http://www.garmin.com/xmlschemas/ActivityExtension/v2">
                <Speed>2.92</Speed>
              </TPX>
            </Extensions>
          </Trackpoint>
          <Trackpoint>
            <Time>2026-05-30T17:22:38.864Z</Time>
            <Position>
              <LatitudeDegrees>48.855845</LatitudeDegrees>
              <LongitudeDegrees>2.293386</LongitudeDegrees>
            </Position>
            <AltitudeMeters>38.8</AltitudeMeters>
            <DistanceMeters>3226.5</DistanceMeters>
            <HeartRateBpm><Value>134</Value></HeartRateBpm>
            <Extensions>
              <TPX xmlns="http://www.garmin.com/xmlschemas/ActivityExtension/v2">
                <Speed>2.81</Speed>
              </TPX>
            </Extensions>
          </Trackpoint>
          <Trackpoint>
            <Time>2026-05-30T17:22:45.777Z</Time>
            <Position>
              <LatitudeDegrees>48.855792</LatitudeDegrees>
              <LongitudeDegrees>2.293467</LongitudeDegrees>
            </Position>
            <AltitudeMeters>39.5</AltitudeMeters>
            <DistanceMeters>3251.5</DistanceMeters>
            <HeartRateBpm><Value>134</Value></HeartRateBpm>
            <Extensions>
              <TPX xmlns="http://www.garmin.com/xmlschemas/ActivityExtension/v2">
                <Speed>2.89</Speed>
              </TPX>
            </Extensions>
          </Trackpoint>
          <Trackpoint>
            <Time>2026-05-30T17:22:52.691Z</Time>
            <Position>
              <LatitudeDegrees>48.855739</LatitudeDegrees>
              <LongitudeDegrees>2.293548</LongitudeDegrees>
            </Position>
            <AltitudeMeters>39.5</AltitudeMeters>
            <DistanceMeters>3276.6</DistanceMeters>
            <HeartRateBpm><Value>136</Value></HeartRateBpm>
            <Extensions>
              <TPX xmlns="http://www.garmin.com/xmlschemas/ActivityExtension/v2">
                <Speed>2.89</Speed>
              </TPX>
            </Extensions>
          </Trackpoint>
          <Trackpoint>
            <Time>2026-05-30T17:22:59.604Z</Time>
            <Position>
              <LatitudeDegrees>48.855686</LatitudeDegrees>
              <LongitudeDegrees>2.293629</LongitudeDegrees>
            </Position>
            <AltitudeMeters>39.2</AltitudeMeters>
            <DistanceMeters>3301.6</DistanceMeters>
            <HeartRateBpm><Value>132</Value></HeartRateBpm>
            <Extensions>
              <TPX xmlns="http://www.garmin.com/xmlschemas/ActivityExtension/v2">
                <Speed>2.69</Speed>
              </TPX>
            </Extensions>
          </Trackpoint>
          <Trackpoint>
            <Time>2026-05-30T17:23:06.518Z</Time>
            <Position>
              <LatitudeDegrees>48.855633</LatitudeDegrees>
              <LongitudeDegrees>2.293710</LongitudeDegrees>
            </Position>
            <AltitudeMeters>39.2</AltitudeMeters>
            <DistanceMeters>3326.7</DistanceMeters>
            <HeartRateBpm><Value>133</Value></HeartRateBpm>
            <Extensions>
              <TPX xmlns="http://www.garmin.com/xmlschemas/ActivityExtension/v2">
                <Speed>2.75</Speed>
              </TPX>
            </Extensions>
          </Trackpoint>
          <Trackpoint>
            <Time>2026-05-30T17:23:13.432Z</Time>
            <Position>
              <LatitudeDegrees>48.855580</LatitudeDegrees>
              <LongitudeDegrees>2.293791</LongitudeDegrees>
            </Position>
            <AltitudeMeters>39.2</AltitudeMeters>
            <DistanceMeters>3351.7</DistanceMeters>
            <HeartRateBpm><Value>131</Value></HeartRateBpm>
            <Extensions>
              <TPX xmlns="http://www.garmin.com/xmlschemas/ActivityExtension/v2">
                <Speed>2.64</Speed>
              </TPX>
            </Extensions>
          </Trackpoint>
          <Trackpoint>
            <Time>2026-05-30T17:23:20.345Z</Time>
            <Position>
              <LatitudeDegrees>48.855527</LatitudeDegrees>
              <LongitudeDegrees>2.293873</LongitudeDegrees>
            </Position>
            <AltitudeMeters>39.1</AltitudeMeters>
            <DistanceMeters>3376.8</DistanceMeters>
            <HeartRateBpm><Value>131</Value></HeartRateBpm>
            <Extensions>
              <TPX xmlns="http://www.garmin.com/xmlschemas/ActivityExtension/v2">
                <Speed>2.67</Speed>
              </TPX>
            </Extensions>
          </Trackpoint>
          <Trackpoint>
            <Time>2026-05-30T17:23:27.259Z</Time>
            <Position>
              <LatitudeDegrees>48.855474</LatitudeDegrees>
              <LongitudeDegrees>2.293954</LongitudeDegrees>
            </Position>
            <AltitudeMeters>39.5</AltitudeMeters>
            <DistanceMeters>3401.8</DistanceMeters>
            <HeartRateBpm><Value>131</Value></HeartRateBpm>
            <Extensions>
              <TPX xmlns="http://www.garmin.com/xmlschemas/ActivityExtension/v2">
                <Speed>2.67</Speed>
              </TPX>
            </Extensions>
          </Trackpoint>
          <Trackpoint>
            <Time>2026-05-30T17:23:34.172Z</Time>
            <Position>
              <LatitudeDegrees>48.855421</LatitudeDegrees>
              <LongitudeDegrees>2.294035</LongitudeDegrees>
            </Position>
            <AltitudeMeters>39.3</AltitudeMeters>
            <DistanceMeters>3426.9</DistanceMeters>
            <HeartRateBpm><Value>131</Value></HeartRateBpm>
            <Extensions>
              <TPX xmlns="http://www.garmin.com/xmlschemas/ActivityExtension/v2">
                <Speed>2.72</Speed>
              </TPX>
            </Extensions>
          </Trackpoint>
          <Trackpoint>
            <Time>2026-05-30T17:23:41.086Z</Time>
            <Position>
              <LatitudeDegrees>48.855368</LatitudeDegrees>
              <LongitudeDegrees>2.294116</LongitudeDegrees>
            </Position>
            <AltitudeMeters>39.7</AltitudeMeters>
            <DistanceMeters>3451.9</DistanceMeters>
            <HeartRateBpm><Value>132</Value></HeartRateBpm>
            <Extensions>
              <TPX xmlns="http://www.garmin.com/xmlschemas/ActivityExtension/v2">
                <Speed>2.67</Speed>
              </TPX>
            </Extensions>
          </Trackpoint>
          <Trackpoint>
            <Time>2026-05-30T17:23:48.000Z</Time>
            <Position>
              <LatitudeDegrees>48.855315</LatitudeDegrees>
              <LongitudeDegrees>2.294197</LongitudeDegrees>
            </Position>
            <AltitudeMeters>39.3</AltitudeMeters>
            <DistanceMeters>3477.0</DistanceMeters>
            <HeartRateBpm><Value>132</Value></HeartRateBpm>
            <Extensions>
              <TPX xmlns="http://www.garmin.com/xmlschemas/ActivityExtension/v2">
                <Speed>2.67</Speed>
              </TPX>
            </Extensions>
          </Trackpoint>
          <Trackpoint>
            <Time>2026-05-30T17:23:54.913Z</Time>
            <Position>
              <LatitudeDegrees>48.855262</LatitudeDegrees>
              <LongitudeDegrees>2.294278</LongitudeDegrees>
            </Position>
            <AltitudeMeters>38.9</AltitudeMeters>
            <DistanceMeters>3502.0</DistanceMeters>
            <HeartRateBpm><Value>129</Value></HeartRateBpm>
            <Extensions>
              <TPX xmlns="http://www.garmin.com/xmlschemas/ActivityExtension/v2">
                <Speed>2.56</Speed>
              </TPX>
            </Extensions>
          </Trackpoint>
          <Trackpoint>
            <Time>2026-05-30T17:24:01.827Z</Time>
            <Position>
              <LatitudeDegrees>48.855209</LatitudeDegrees>
              <LongitudeDegrees>2.294360</LongitudeDegrees>
            </Position>
            <AltitudeMeters>39.7</AltitudeMeters>
            <DistanceMeters>3527.1</DistanceMeters>
            <HeartRateBpm><Value>129</Value></HeartRateBpm>
            <Extensions>
              <TPX xmlns="http://www.garmin.com/xmlschemas/ActivityExtension/v2">
                <Speed>2.56</Speed>
              </TPX>
            </Extensions>
          </Trackpoint>
          <Trackpoint>
            <Time>2026-05-30T17:24:08.740Z</Time>
            <Position>
              <LatitudeDegrees>48.855156</LatitudeDegrees>
              <LongitudeDegrees>2.294441</LongitudeDegrees>
            </Position>
            <AltitudeMeters>39.7</AltitudeMeters>
            <DistanceMeters>3552.1</DistanceMeters>
            <HeartRateBpm><Value>128</Value></HeartRateBpm>
            <Extensions>
              <TPX xmlns="http://www.garmin.com/xmlschemas/ActivityExtension/v2">
                <Speed>2.50</Speed>
              </TPX>
            </Extensions>
          </Trackpoint>
          <Trackpoint>
            <Time>2026-05-30T17:24:15.654Z</Time>
            <Position>
              <LatitudeDegrees>48.855103</LatitudeDegrees>
              <LongitudeDegrees>2.294522</LongitudeDegrees>
            </Position>
            <AltitudeMeters>39.7</AltitudeMeters>
            <DistanceMeters>3577.2</DistanceMeters>
            <HeartRateBpm><Value>127</Value></HeartRateBpm>
            <Extensions>
              <TPX xmlns="http://www.garmin.com/xmlschemas/ActivityExtension/v2">
                <Speed>2.53</Speed>
              </TPX>
            </Extensions>
          </Trackpoint>
          <Trackpoint>
            <Time>2026-05-30T17:24:22.567Z</Time>
            <Position>
              <LatitudeDegrees>48.855050</LatitudeDegrees>
              <LongitudeDegrees>2.294603</LongitudeDegrees>
            </Position>
            <AltitudeMeters>39.6</AltitudeMeters>
            <DistanceMeters>3602.2</DistanceMeters>
            <HeartRateBpm><Value>127</Value></HeartRateBpm>
            <Extensions>
              <TPX xmlns="http://www.garmin.com/xmlschemas/ActivityExtension/v2">
                <Speed>2.36</Speed>
              </TPX>
            </Extensions>
          </Trackpoint>
          <Trackpoint>
            <Time>2026-05-30T17:24:29.481Z</Time>
            <Position>
              <LatitudeDegrees>48.854997</LatitudeDegrees>
              <LongitudeDegrees>2.294684</LongitudeDegrees>
            </Position>
            <AltitudeMeters>39.7</AltitudeMeters>
            <DistanceMeters>3627.3</DistanceMeters>
            <HeartRateBpm><Value>127</Value></HeartRateBpm>
            <Extensions>
              <TPX xmlns="http://www.garmin.com/xmlschemas/ActivityExtension/v2">
                <Speed>2.50</Speed>
              </TPX>
            </Extensions>
          </Trackpoint>
          <Trackpoint>
            <Time>2026-05-30T17:24:36.395Z</Time>
            <Position>
              <LatitudeDegrees>48.854944</LatitudeDegrees>
              <LongitudeDegrees>2.294765</LongitudeDegrees>
            </Position>
            <AltitudeMeters>39.0</AltitudeMeters>
            <DistanceMeters>3652.3</DistanceMeters>
            <HeartRateBpm><Value>127</Value></HeartRateBpm>
            <Extensions>
              <TPX xmlns="http://www.garmin.com/xmlschemas/ActivityExtension/v2">
                <Speed>2.39</Speed>
              </TPX>
            </Extensions>
          </Trackpoint>
          <Trackpoint>
            <Time>2026-05-30T17:24:43.308Z</Time>
            <Position>
              <LatitudeDegrees>48.854892</LatitudeDegrees>
              <LongitudeDegrees>2.294846</LongitudeDegrees>
            </Position>
            <AltitudeMeters>38.9</AltitudeMeters>
            <DistanceMeters>3677.4</DistanceMeters>
            <HeartRateBpm><Value>126</Value></HeartRateBpm>
            <Extensions>
              <TPX xmlns="http://www.garmin.com/xmlschemas/ActivityExtension/v2">
                <Speed>2.44</Speed>
              </TPX>
            </Extensions>
          </Trackpoint>
          <Trackpoint>
            <Time>2026-05-30T17:24:50.222Z</Time>
            <Position>
              <LatitudeDegrees>48.854839</LatitudeDegrees>
              <LongitudeDegrees>2.294928</LongitudeDegrees>
            </Position>
            <AltitudeMeters>39.6</AltitudeMeters>
            <DistanceMeters>3702.4</DistanceMeters>
            <HeartRateBpm><Value>126</Value></HeartRateBpm>
            <Extensions>
              <TPX xmlns="http://www.garmin.com/xmlschemas/ActivityExtension/v2">
                <Speed>2.47</Speed>
              </TPX>
            </Extensions>
          </Trackpoint>
          <Trackpoint>
            <Time>2026-05-30T17:24:57.135Z</Time>
            <Position>
              <LatitudeDegrees>48.854786</LatitudeDegrees>
              <LongitudeDegrees>2.295009</LongitudeDegrees>
            </Position>
            <AltitudeMeters>39.2</AltitudeMeters>
            <DistanceMeters>3727.5</DistanceMeters>
            <HeartRateBpm><Value>127</Value></HeartRateBpm>
            <Extensions>
              <TPX xmlns="http://www.garmin.com/xmlschemas/ActivityExtension/v2">
                <Speed>2.44</Speed>
              </TPX>
            </Extensions>
          </Trackpoint>
          <Trackpoint>
            <Time>2026-05-30T17:25:04.049Z</Time>
            <Position>
              <LatitudeDegrees>48.854733</LatitudeDegrees>
              <LongitudeDegrees>2.295090</LongitudeDegrees>
            </Position>
            <AltitudeMeters>39.4</AltitudeMeters>
            <DistanceMeters>3752.6</DistanceMeters>
            <HeartRateBpm><Value>125</Value></HeartRateBpm>
            <Extensions>
              <TPX xmlns="http://www.garmin.com/xmlschemas/ActivityExtension/v2">
                <Speed>2.42</Speed>
              </TPX>
            </Extensions>
          </Trackpoint>
          <Trackpoint>
            <Time>2026-05-30T17:25:10.962Z</Time>
            <Position>
              <LatitudeDegrees>48.854680</LatitudeDegrees>
              <LongitudeDegrees>2.295171</LongitudeDegrees>
            </Position>
            <AltitudeMeters>38.9</AltitudeMeters>
            <DistanceMeters>3777.6</DistanceMeters>
            <HeartRateBpm><Value>125</Value></HeartRateBpm>
            <Extensions>
              <TPX xmlns="http://www.garmin.com/xmlschemas/ActivityExtension/v2">
                <Speed>2.31</Speed>
              </TPX>
            </Extensions>
          </Trackpoint>
          <Trackpoint>
            <Time>2026-05-30T17:25:17.876Z</Time>
            <Position>
              <LatitudeDegrees>48.854627</LatitudeDegrees>
              <LongitudeDegrees>2.295252</LongitudeDegrees>
            </Position>
            <AltitudeMeters>39.5</AltitudeMeters>
            <DistanceMeters>3802.7</DistanceMeters>
            <HeartRateBpm><Value>133</Value></HeartRateBpm>
            <Extensions>
              <TPX xmlns="http://www.garmin.com/xmlschemas/ActivityExtension/v2">
                <Speed>2.83</Speed>
              </TPX>
            </Extensions>
          </Trackpoint>
          <Trackpoint>
            <Time>2026-05-30T17:25:24.790Z</Time>
            <Position>
              <LatitudeDegrees>48.854574</LatitudeDegrees>
              <LongitudeDegrees>2.295333</LongitudeDegrees>
            </Position>
            <AltitudeMeters>38.9</AltitudeMeters>
            <DistanceMeters>3827.7</DistanceMeters>
            <HeartRateBpm><Value>134</Value></HeartRateBpm>
            <Extensions>
              <TPX xmlns="http://www.garmin.com/xmlschemas/ActivityExtension/v2">
                <Speed>2.94</Speed>
              </TPX>
            </Extensions>
          </Trackpoint>
          <Trackpoint>
            <Time>2026-05-30T17:25:31.703Z</Time>
            <Position>
              <LatitudeDegrees>48.854521</LatitudeDegrees>
              <LongitudeDegrees>2.295414</LongitudeDegrees>
            </Position>
            <AltitudeMeters>39.5</AltitudeMeters>
            <DistanceMeters>3852.8</DistanceMeters>
            <HeartRateBpm><Value>132</Value></HeartRateBpm>
            <Extensions>
              <TPX xmlns="http://www.garmin.com/xmlschemas/ActivityExtension/v2">
                <Speed>2.83</Speed>
              </TPX>
            </Extensions>
          </Trackpoint>
          <Trackpoint>
            <Time>2026-05-30T17:25:38.617Z</Time>
            <Position>
              <LatitudeDegrees>48.854574</LatitudeDegrees>
              <LongitudeDegrees>2.295335</LongitudeDegrees>
            </Position>
            <AltitudeMeters>39.0</AltitudeMeters>
            <DistanceMeters>3877.6</DistanceMeters>
            <HeartRateBpm><Value>135</Value></HeartRateBpm>
            <Extensions>
              <TPX xmlns="http://www.garmin.com/xmlschemas/ActivityExtension/v2">
                <Speed>2.97</Speed>
              </TPX>
            </Extensions>
          </Trackpoint>
          <Trackpoint>
            <Time>2026-05-30T17:25:45.530Z</Time>
            <Position>
              <LatitudeDegrees>48.854627</LatitudeDegrees>
              <LongitudeDegrees>2.295255</LongitudeDegrees>
            </Position>
            <AltitudeMeters>39.1</AltitudeMeters>
            <DistanceMeters>3902.4</DistanceMeters>
            <HeartRateBpm><Value>132</Value></HeartRateBpm>
            <Extensions>
              <TPX xmlns="http://www.garmin.com/xmlschemas/ActivityExtension/v2">
                <Speed>2.78</Speed>
              </TPX>
            </Extensions>
          </Trackpoint>
          <Trackpoint>
            <Time>2026-05-30T17:25:52.444Z</Time>
            <Position>
              <LatitudeDegrees>48.854680</LatitudeDegrees>
              <LongitudeDegrees>2.295176</LongitudeDegrees>
            </Position>
            <AltitudeMeters>39.1</AltitudeMeters>
            <DistanceMeters>3927.2</DistanceMeters>
            <HeartRateBpm><Value>133</Value></HeartRateBpm>
            <Extensions>
              <TPX xmlns="http://www.garmin.com/xmlschemas/ActivityExtension/v2">
                <Speed>2.92</Speed>
              </TPX>
            </Extensions>
          </Trackpoint>
          <Trackpoint>
            <Time>2026-05-30T17:25:59.358Z</Time>
            <Position>
              <LatitudeDegrees>48.854733</LatitudeDegrees>
              <LongitudeDegrees>2.295096</LongitudeDegrees>
            </Position>
            <AltitudeMeters>39.7</AltitudeMeters>
            <DistanceMeters>3952.1</DistanceMeters>
            <HeartRateBpm><Value>132</Value></HeartRateBpm>
            <Extensions>
              <TPX xmlns="http://www.garmin.com/xmlschemas/ActivityExtension/v2">
                <Speed>2.86</Speed>
              </TPX>
            </Extensions>
          </Trackpoint>
          <Trackpoint>
            <Time>2026-05-30T17:26:06.271Z</Time>
            <Position>
              <LatitudeDegrees>48.854786</LatitudeDegrees>
              <LongitudeDegrees>2.295017</LongitudeDegrees>
            </Position>
            <AltitudeMeters>39.2</AltitudeMeters>
            <DistanceMeters>3976.9</DistanceMeters>
            <HeartRateBpm><Value>131</Value></HeartRateBpm>
            <Extensions>
              <TPX xmlns="http://www.garmin.com/xmlschemas/ActivityExtension/v2">
                <Speed>2.83</Speed>
              </TPX>
            </Extensions>
          </Trackpoint>
          <Trackpoint>
            <Time>2026-05-30T17:26:13.185Z</Time>
            <Position>
              <LatitudeDegrees>48.854839</LatitudeDegrees>
              <LongitudeDegrees>2.294938</LongitudeDegrees>
            </Position>
            <AltitudeMeters>39.6</AltitudeMeters>
            <DistanceMeters>4001.7</DistanceMeters>
            <HeartRateBpm><Value>130</Value></HeartRateBpm>
            <Extensions>
              <TPX xmlns="http://www.garmin.com/xmlschemas/ActivityExtension/v2">
                <Speed>2.81</Speed>
              </TPX>
            </Extensions>
          </Trackpoint>
          <Trackpoint>
            <Time>2026-05-30T17:26:20.098Z</Time>
            <Position>
              <LatitudeDegrees>48.854892</LatitudeDegrees>
              <LongitudeDegrees>2.294858</LongitudeDegrees>
            </Position>
            <AltitudeMeters>39.2</AltitudeMeters>
            <DistanceMeters>4026.6</DistanceMeters>
            <HeartRateBpm><Value>132</Value></HeartRateBpm>
            <Extensions>
              <TPX xmlns="http://www.garmin.com/xmlschemas/ActivityExtension/v2">
                <Speed>2.94</Speed>
              </TPX>
            </Extensions>
          </Trackpoint>
          <Trackpoint>
            <Time>2026-05-30T17:26:27.012Z</Time>
            <Position>
              <LatitudeDegrees>48.854946</LatitudeDegrees>
              <LongitudeDegrees>2.294779</LongitudeDegrees>
            </Position>
            <AltitudeMeters>39.4</AltitudeMeters>
            <DistanceMeters>4051.4</DistanceMeters>
            <HeartRateBpm><Value>131</Value></HeartRateBpm>
            <Extensions>
              <TPX xmlns="http://www.garmin.com/xmlschemas/ActivityExtension/v2">
                <Speed>2.89</Speed>
              </TPX>
            </Extensions>
          </Trackpoint>
          <Trackpoint>
            <Time>2026-05-30T17:26:33.925Z</Time>
            <Position>
              <LatitudeDegrees>48.854999</LatitudeDegrees>
              <LongitudeDegrees>2.294699</LongitudeDegrees>
            </Position>
            <AltitudeMeters>39.1</AltitudeMeters>
            <DistanceMeters>4076.2</DistanceMeters>
            <HeartRateBpm><Value>129</Value></HeartRateBpm>
            <Extensions>
              <TPX xmlns="http://www.garmin.com/xmlschemas/ActivityExtension/v2">
                <Speed>2.83</Speed>
              </TPX>
            </Extensions>
          </Trackpoint>
          <Trackpoint>
            <Time>2026-05-30T17:26:40.839Z</Time>
            <Position>
              <LatitudeDegrees>48.855052</LatitudeDegrees>
              <LongitudeDegrees>2.294620</LongitudeDegrees>
            </Position>
            <AltitudeMeters>39.4</AltitudeMeters>
            <DistanceMeters>4101.0</DistanceMeters>
            <HeartRateBpm><Value>130</Value></HeartRateBpm>
            <Extensions>
              <TPX xmlns="http://www.garmin.com/xmlschemas/ActivityExtension/v2">
                <Speed>2.78</Speed>
              </TPX>
            </Extensions>
          </Trackpoint>
          <Trackpoint>
            <Time>2026-05-30T17:26:47.753Z</Time>
            <Position>
              <LatitudeDegrees>48.855105</LatitudeDegrees>
              <LongitudeDegrees>2.294540</LongitudeDegrees>
            </Position>
            <AltitudeMeters>39.5</AltitudeMeters>
            <DistanceMeters>4125.9</DistanceMeters>
            <HeartRateBpm><Value>132</Value></HeartRateBpm>
            <Extensions>
              <TPX xmlns="http://www.garmin.com/xmlschemas/ActivityExtension/v2">
                <Speed>2.86</Speed>
              </TPX>
            </Extensions>
          </Trackpoint>
          <Trackpoint>
            <Time>2026-05-30T17:26:54.666Z</Time>
            <Position>
              <LatitudeDegrees>48.855158</LatitudeDegrees>
              <LongitudeDegrees>2.294461</LongitudeDegrees>
            </Position>
            <AltitudeMeters>39.6</AltitudeMeters>
            <DistanceMeters>4150.7</DistanceMeters>
            <HeartRateBpm><Value>130</Value></HeartRateBpm>
            <Extensions>
              <TPX xmlns="http://www.garmin.com/xmlschemas/ActivityExtension/v2">
                <Speed>2.89</Speed>
              </TPX>
            </Extensions>
          </Trackpoint>
          <Trackpoint>
            <Time>2026-05-30T17:27:01.580Z</Time>
            <Position>
              <LatitudeDegrees>48.855211</LatitudeDegrees>
              <LongitudeDegrees>2.294381</LongitudeDegrees>
            </Position>
            <AltitudeMeters>37.4</AltitudeMeters>
            <DistanceMeters>4175.5</DistanceMeters>
            <HeartRateBpm><Value>132</Value></HeartRateBpm>
            <Extensions>
              <TPX xmlns="http://www.garmin.com/xmlschemas/ActivityExtension/v2">
                <Speed>2.89</Speed>
              </TPX>
            </Extensions>
          </Trackpoint>
          <Trackpoint>
            <Time>2026-05-30T17:27:08.493Z</Time>
            <Position>
              <LatitudeDegrees>48.855264</LatitudeDegrees>
              <LongitudeDegrees>2.294302</LongitudeDegrees>
            </Position>
            <AltitudeMeters>36.7</AltitudeMeters>
            <DistanceMeters>4200.3</DistanceMeters>
            <HeartRateBpm><Value>130</Value></HeartRateBpm>
            <Extensions>
              <TPX xmlns="http://www.garmin.com/xmlschemas/ActivityExtension/v2">
                <Speed>2.83</Speed>
              </TPX>
            </Extensions>
          </Trackpoint>
          <Trackpoint>
            <Time>2026-05-30T17:27:15.407Z</Time>
            <Position>
              <LatitudeDegrees>48.855317</LatitudeDegrees>
              <LongitudeDegrees>2.294222</LongitudeDegrees>
            </Position>
            <AltitudeMeters>36.5</AltitudeMeters>
            <DistanceMeters>4225.2</DistanceMeters>
            <HeartRateBpm><Value>131</Value></HeartRateBpm>
            <Extensions>
              <TPX xmlns="http://www.garmin.com/xmlschemas/ActivityExtension/v2">
                <Speed>3.00</Speed>
              </TPX>
            </Extensions>
          </Trackpoint>
          <Trackpoint>
            <Time>2026-05-30T17:27:22.320Z</Time>
            <Position>
              <LatitudeDegrees>48.855370</LatitudeDegrees>
              <LongitudeDegrees>2.294143</LongitudeDegrees>
            </Position>
            <AltitudeMeters>36.9</AltitudeMeters>
            <DistanceMeters>4250.0</DistanceMeters>
            <HeartRateBpm><Value>131</Value></HeartRateBpm>
            <Extensions>
              <TPX xmlns="http://www.garmin.com/xmlschemas/ActivityExtension/v2">
                <Speed>2.97</Speed>
              </TPX>
            </Extensions>
          </Trackpoint>
          <Trackpoint>
            <Time>2026-05-30T17:27:29.234Z</Time>
            <Position>
              <LatitudeDegrees>48.855423</LatitudeDegrees>
              <LongitudeDegrees>2.294063</LongitudeDegrees>
            </Position>
            <AltitudeMeters>36.8</AltitudeMeters>
            <DistanceMeters>4274.8</DistanceMeters>
            <HeartRateBpm><Value>132</Value></HeartRateBpm>
            <Extensions>
              <TPX xmlns="http://www.garmin.com/xmlschemas/ActivityExtension/v2">
                <Speed>2.92</Speed>
              </TPX>
            </Extensions>
          </Trackpoint>
          <Trackpoint>
            <Time>2026-05-30T17:27:36.148Z</Time>
            <Position>
              <LatitudeDegrees>48.855476</LatitudeDegrees>
              <LongitudeDegrees>2.293984</LongitudeDegrees>
            </Position>
            <AltitudeMeters>36.9</AltitudeMeters>
            <DistanceMeters>4299.6</DistanceMeters>
            <HeartRateBpm><Value>129</Value></HeartRateBpm>
            <Extensions>
              <TPX xmlns="http://www.garmin.com/xmlschemas/ActivityExtension/v2">
                <Speed>2.86</Speed>
              </TPX>
            </Extensions>
          </Trackpoint>
          <Trackpoint>
            <Time>2026-05-30T17:27:43.061Z</Time>
            <Position>
              <LatitudeDegrees>48.855529</LatitudeDegrees>
              <LongitudeDegrees>2.293904</LongitudeDegrees>
            </Position>
            <AltitudeMeters>37.0</AltitudeMeters>
            <DistanceMeters>4324.5</DistanceMeters>
            <HeartRateBpm><Value>130</Value></HeartRateBpm>
            <Extensions>
              <TPX xmlns="http://www.garmin.com/xmlschemas/ActivityExtension/v2">
                <Speed>2.86</Speed>
              </TPX>
            </Extensions>
          </Trackpoint>
          <Trackpoint>
            <Time>2026-05-30T17:27:49.975Z</Time>
            <Position>
              <LatitudeDegrees>48.855582</LatitudeDegrees>
              <LongitudeDegrees>2.293825</LongitudeDegrees>
            </Position>
            <AltitudeMeters>37.1</AltitudeMeters>
            <DistanceMeters>4349.3</DistanceMeters>
            <HeartRateBpm><Value>130</Value></HeartRateBpm>
            <Extensions>
              <TPX xmlns="http://www.garmin.com/xmlschemas/ActivityExtension/v2">
                <Speed>2.86</Speed>
              </TPX>
            </Extensions>
          </Trackpoint>
          <Trackpoint>
            <Time>2026-05-30T17:27:56.888Z</Time>
            <Position>
              <LatitudeDegrees>48.855636</LatitudeDegrees>
              <LongitudeDegrees>2.293745</LongitudeDegrees>
            </Position>
            <AltitudeMeters>36.5</AltitudeMeters>
            <DistanceMeters>4374.1</DistanceMeters>
            <HeartRateBpm><Value>131</Value></HeartRateBpm>
            <Extensions>
              <TPX xmlns="http://www.garmin.com/xmlschemas/ActivityExtension/v2">
                <Speed>2.92</Speed>
              </TPX>
            </Extensions>
          </Trackpoint>
          <Trackpoint>
            <Time>2026-05-30T17:28:03.802Z</Time>
            <Position>
              <LatitudeDegrees>48.855689</LatitudeDegrees>
              <LongitudeDegrees>2.293666</LongitudeDegrees>
            </Position>
            <AltitudeMeters>36.4</AltitudeMeters>
            <DistanceMeters>4398.9</DistanceMeters>
            <HeartRateBpm><Value>134</Value></HeartRateBpm>
            <Extensions>
              <TPX xmlns="http://www.garmin.com/xmlschemas/ActivityExtension/v2">
                <Speed>3.06</Speed>
              </TPX>
            </Extensions>
          </Trackpoint>
          <Trackpoint>
            <Time>2026-05-30T17:28:10.716Z</Time>
            <Position>
              <LatitudeDegrees>48.855742</LatitudeDegrees>
              <LongitudeDegrees>2.293586</LongitudeDegrees>
            </Position>
            <AltitudeMeters>36.9</AltitudeMeters>
            <DistanceMeters>4423.8</DistanceMeters>
            <HeartRateBpm><Value>133</Value></HeartRateBpm>
            <Extensions>
              <TPX xmlns="http://www.garmin.com/xmlschemas/ActivityExtension/v2">
                <Speed>2.97</Speed>
              </TPX>
            </Extensions>
          </Trackpoint>
          <Trackpoint>
            <Time>2026-05-30T17:28:17.629Z</Time>
            <Position>
              <LatitudeDegrees>48.855795</LatitudeDegrees>
              <LongitudeDegrees>2.293507</LongitudeDegrees>
            </Position>
            <AltitudeMeters>36.6</AltitudeMeters>
            <DistanceMeters>4448.6</DistanceMeters>
            <HeartRateBpm><Value>133</Value></HeartRateBpm>
            <Extensions>
              <TPX xmlns="http://www.garmin.com/xmlschemas/ActivityExtension/v2">
                <Speed>3.11</Speed>
              </TPX>
            </Extensions>
          </Trackpoint>
          <Trackpoint>
            <Time>2026-05-30T17:28:24.543Z</Time>
            <Position>
              <LatitudeDegrees>48.855848</LatitudeDegrees>
              <LongitudeDegrees>2.293427</LongitudeDegrees>
            </Position>
            <AltitudeMeters>36.5</AltitudeMeters>
            <DistanceMeters>4473.4</DistanceMeters>
            <HeartRateBpm><Value>133</Value></HeartRateBpm>
            <Extensions>
              <TPX xmlns="http://www.garmin.com/xmlschemas/ActivityExtension/v2">
                <Speed>3.03</Speed>
              </TPX>
            </Extensions>
          </Trackpoint>
          <Trackpoint>
            <Time>2026-05-30T17:28:31.456Z</Time>
            <Position>
              <LatitudeDegrees>48.855901</LatitudeDegrees>
              <LongitudeDegrees>2.293348</LongitudeDegrees>
            </Position>
            <AltitudeMeters>36.1</AltitudeMeters>
            <DistanceMeters>4498.2</DistanceMeters>
            <HeartRateBpm><Value>131</Value></HeartRateBpm>
            <Extensions>
              <TPX xmlns="http://www.garmin.com/xmlschemas/ActivityExtension/v2">
                <Speed>3.03</Speed>
              </TPX>
            </Extensions>
          </Trackpoint>
          <Trackpoint>
            <Time>2026-05-30T17:28:38.370Z</Time>
            <Position>
              <LatitudeDegrees>48.855954</LatitudeDegrees>
              <LongitudeDegrees>2.293268</LongitudeDegrees>
            </Position>
            <AltitudeMeters>36.3</AltitudeMeters>
            <DistanceMeters>4523.1</DistanceMeters>
            <HeartRateBpm><Value>132</Value></HeartRateBpm>
            <Extensions>
              <TPX xmlns="http://www.garmin.com/xmlschemas/ActivityExtension/v2">
                <Speed>3.06</Speed>
              </TPX>
            </Extensions>
          </Trackpoint>
          <Trackpoint>
            <Time>2026-05-30T17:28:45.283Z</Time>
            <Position>
              <LatitudeDegrees>48.856007</LatitudeDegrees>
              <LongitudeDegrees>2.293189</LongitudeDegrees>
            </Position>
            <AltitudeMeters>36.2</AltitudeMeters>
            <DistanceMeters>4547.9</DistanceMeters>
            <HeartRateBpm><Value>134</Value></HeartRateBpm>
            <Extensions>
              <TPX xmlns="http://www.garmin.com/xmlschemas/ActivityExtension/v2">
                <Speed>3.17</Speed>
              </TPX>
            </Extensions>
          </Trackpoint>
          <Trackpoint>
            <Time>2026-05-30T17:28:52.197Z</Time>
            <Position>
              <LatitudeDegrees>48.856060</LatitudeDegrees>
              <LongitudeDegrees>2.293109</LongitudeDegrees>
            </Position>
            <AltitudeMeters>36.3</AltitudeMeters>
            <DistanceMeters>4572.7</DistanceMeters>
            <HeartRateBpm><Value>134</Value></HeartRateBpm>
            <Extensions>
              <TPX xmlns="http://www.garmin.com/xmlschemas/ActivityExtension/v2">
                <Speed>3.19</Speed>
              </TPX>
            </Extensions>
          </Trackpoint>
          <Trackpoint>
            <Time>2026-05-30T17:28:59.111Z</Time>
            <Position>
              <LatitudeDegrees>48.856113</LatitudeDegrees>
              <LongitudeDegrees>2.293030</LongitudeDegrees>
            </Position>
            <AltitudeMeters>36.2</AltitudeMeters>
            <DistanceMeters>4597.5</DistanceMeters>
            <HeartRateBpm><Value>132</Value></HeartRateBpm>
            <Extensions>
              <TPX xmlns="http://www.garmin.com/xmlschemas/ActivityExtension/v2">
                <Speed>3.17</Speed>
              </TPX>
            </Extensions>
          </Trackpoint>
          <Trackpoint>
            <Time>2026-05-30T17:29:06.024Z</Time>
            <Position>
              <LatitudeDegrees>48.856166</LatitudeDegrees>
              <LongitudeDegrees>2.292950</LongitudeDegrees>
            </Position>
            <AltitudeMeters>36.3</AltitudeMeters>
            <DistanceMeters>4622.4</DistanceMeters>
            <HeartRateBpm><Value>135</Value></HeartRateBpm>
            <Extensions>
              <TPX xmlns="http://www.garmin.com/xmlschemas/ActivityExtension/v2">
                <Speed>3.19</Speed>
              </TPX>
            </Extensions>
          </Trackpoint>
          <Trackpoint>
            <Time>2026-05-30T17:29:12.938Z</Time>
            <Position>
              <LatitudeDegrees>48.856219</LatitudeDegrees>
              <LongitudeDegrees>2.292871</LongitudeDegrees>
            </Position>
            <AltitudeMeters>35.9</AltitudeMeters>
            <DistanceMeters>4647.2</DistanceMeters>
            <HeartRateBpm><Value>126</Value></HeartRateBpm>
            <Extensions>
              <TPX xmlns="http://www.garmin.com/xmlschemas/ActivityExtension/v2">
                <Speed>2.56</Speed>
              </TPX>
            </Extensions>
          </Trackpoint>
          <Trackpoint>
            <Time>2026-05-30T17:29:19.851Z</Time>
            <Position>
              <LatitudeDegrees>48.856272</LatitudeDegrees>
              <LongitudeDegrees>2.292791</LongitudeDegrees>
            </Position>
            <AltitudeMeters>36.2</AltitudeMeters>
            <DistanceMeters>4672.0</DistanceMeters>
            <HeartRateBpm><Value>125</Value></HeartRateBpm>
            <Extensions>
              <TPX xmlns="http://www.garmin.com/xmlschemas/ActivityExtension/v2">
                <Speed>2.56</Speed>
              </TPX>
            </Extensions>
          </Trackpoint>
          <Trackpoint>
            <Time>2026-05-30T17:29:26.765Z</Time>
            <Position>
              <LatitudeDegrees>48.856325</LatitudeDegrees>
              <LongitudeDegrees>2.292712</LongitudeDegrees>
            </Position>
            <AltitudeMeters>36.0</AltitudeMeters>
            <DistanceMeters>4696.8</DistanceMeters>
            <HeartRateBpm><Value>125</Value></HeartRateBpm>
            <Extensions>
              <TPX xmlns="http://www.garmin.com/xmlschemas/ActivityExtension/v2">
                <Speed>2.56</Speed>
              </TPX>
            </Extensions>
          </Trackpoint>
          <Trackpoint>
            <Time>2026-05-30T17:29:33.679Z</Time>
            <Position>
              <LatitudeDegrees>48.856379</LatitudeDegrees>
              <LongitudeDegrees>2.292632</LongitudeDegrees>
            </Position>
            <AltitudeMeters>35.5</AltitudeMeters>
            <DistanceMeters>4721.7</DistanceMeters>
            <HeartRateBpm><Value>123</Value></HeartRateBpm>
            <Extensions>
              <TPX xmlns="http://www.garmin.com/xmlschemas/ActivityExtension/v2">
                <Speed>2.42</Speed>
              </TPX>
            </Extensions>
          </Trackpoint>
          <Trackpoint>
            <Time>2026-05-30T17:29:40.592Z</Time>
            <Position>
              <LatitudeDegrees>48.856432</LatitudeDegrees>
              <LongitudeDegrees>2.292553</LongitudeDegrees>
            </Position>
            <AltitudeMeters>35.6</AltitudeMeters>
            <DistanceMeters>4746.5</DistanceMeters>
            <HeartRateBpm><Value>121</Value></HeartRateBpm>
            <Extensions>
              <TPX xmlns="http://www.garmin.com/xmlschemas/ActivityExtension/v2">
                <Speed>2.31</Speed>
              </TPX>
            </Extensions>
          </Trackpoint>
          <Trackpoint>
            <Time>2026-05-30T17:29:47.506Z</Time>
            <Position>
              <LatitudeDegrees>48.856485</LatitudeDegrees>
              <LongitudeDegrees>2.292474</LongitudeDegrees>
            </Position>
            <AltitudeMeters>36.0</AltitudeMeters>
            <DistanceMeters>4771.3</DistanceMeters>
            <HeartRateBpm><Value>123</Value></HeartRateBpm>
            <Extensions>
              <TPX xmlns="http://www.garmin.com/xmlschemas/ActivityExtension/v2">
                <Speed>2.39</Speed>
              </TPX>
            </Extensions>
          </Trackpoint>
          <Trackpoint>
            <Time>2026-05-30T17:29:54.419Z</Time>
            <Position>
              <LatitudeDegrees>48.856538</LatitudeDegrees>
              <LongitudeDegrees>2.292394</LongitudeDegrees>
            </Position>
            <AltitudeMeters>35.5</AltitudeMeters>
            <DistanceMeters>4796.1</DistanceMeters>
            <HeartRateBpm><Value>120</Value></HeartRateBpm>
            <Extensions>
              <TPX xmlns="http://www.garmin.com/xmlschemas/ActivityExtension/v2">
                <Speed>2.25</Speed>
              </TPX>
            </Extensions>
          </Trackpoint>
          <Trackpoint>
            <Time>2026-05-30T17:30:01.333Z</Time>
            <Position>
              <LatitudeDegrees>48.856591</LatitudeDegrees>
              <LongitudeDegrees>2.292315</LongitudeDegrees>
            </Position>
            <AltitudeMeters>35.9</AltitudeMeters>
            <DistanceMeters>4821.0</DistanceMeters>
            <HeartRateBpm><Value>121</Value></HeartRateBpm>
            <Extensions>
              <TPX xmlns="http://www.garmin.com/xmlschemas/ActivityExtension/v2">
                <Speed>2.19</Speed>
              </TPX>
            </Extensions>
          </Trackpoint>
          <Trackpoint>
            <Time>2026-05-30T17:30:08.246Z</Time>
            <Position>
              <LatitudeDegrees>48.856644</LatitudeDegrees>
              <LongitudeDegrees>2.292235</LongitudeDegrees>
            </Position>
            <AltitudeMeters>35.4</AltitudeMeters>
            <DistanceMeters>4845.8</DistanceMeters>
            <HeartRateBpm><Value>122</Value></HeartRateBpm>
            <Extensions>
              <TPX xmlns="http://www.garmin.com/xmlschemas/ActivityExtension/v2">
                <Speed>2.22</Speed>
              </TPX>
            </Extensions>
          </Trackpoint>
          <Trackpoint>
            <Time>2026-05-30T17:30:15.160Z</Time>
            <Position>
              <LatitudeDegrees>48.856697</LatitudeDegrees>
              <LongitudeDegrees>2.292156</LongitudeDegrees>
            </Position>
            <AltitudeMeters>35.3</AltitudeMeters>
            <DistanceMeters>4870.6</DistanceMeters>
            <HeartRateBpm><Value>122</Value></HeartRateBpm>
            <Extensions>
              <TPX xmlns="http://www.garmin.com/xmlschemas/ActivityExtension/v2">
                <Speed>2.25</Speed>
              </TPX>
            </Extensions>
          </Trackpoint>
          <Trackpoint>
            <Time>2026-05-30T17:30:22.074Z</Time>
            <Position>
              <LatitudeDegrees>48.856750</LatitudeDegrees>
              <LongitudeDegrees>2.292076</LongitudeDegrees>
            </Position>
            <AltitudeMeters>35.5</AltitudeMeters>
            <DistanceMeters>4895.4</DistanceMeters>
            <HeartRateBpm><Value>122</Value></HeartRateBpm>
            <Extensions>
              <TPX xmlns="http://www.garmin.com/xmlschemas/ActivityExtension/v2">
                <Speed>2.22</Speed>
              </TPX>
            </Extensions>
          </Trackpoint>
          <Trackpoint>
            <Time>2026-05-30T17:30:28.987Z</Time>
            <Position>
              <LatitudeDegrees>48.856803</LatitudeDegrees>
              <LongitudeDegrees>2.291997</LongitudeDegrees>
            </Position>
            <AltitudeMeters>35.5</AltitudeMeters>
            <DistanceMeters>4920.3</DistanceMeters>
            <HeartRateBpm><Value>122</Value></HeartRateBpm>
            <Extensions>
              <TPX xmlns="http://www.garmin.com/xmlschemas/ActivityExtension/v2">
                <Speed>2.22</Speed>
              </TPX>
            </Extensions>
          </Trackpoint>
          <Trackpoint>
            <Time>2026-05-30T17:30:35.901Z</Time>
            <Position>
              <LatitudeDegrees>48.856856</LatitudeDegrees>
              <LongitudeDegrees>2.291917</LongitudeDegrees>
            </Position>
            <AltitudeMeters>35.5</AltitudeMeters>
            <DistanceMeters>4945.1</DistanceMeters>
            <HeartRateBpm><Value>119</Value></HeartRateBpm>
            <Extensions>
              <TPX xmlns="http://www.garmin.com/xmlschemas/ActivityExtension/v2">
                <Speed>2.22</Speed>
              </TPX>
            </Extensions>
          </Trackpoint>
          <Trackpoint>
            <Time>2026-05-30T17:30:42.814Z</Time>
            <Position>
              <LatitudeDegrees>48.856910</LatitudeDegrees>
              <LongitudeDegrees>2.291838</LongitudeDegrees>
            </Position>
            <AltitudeMeters>35.7</AltitudeMeters>
            <DistanceMeters>4969.9</DistanceMeters>
            <HeartRateBpm><Value>118</Value></HeartRateBpm>
            <Extensions>
              <TPX xmlns="http://www.garmin.com/xmlschemas/ActivityExtension/v2">
                <Speed>2.17</Speed>
              </TPX>
            </Extensions>
          </Trackpoint>
          <Trackpoint>
            <Time>2026-05-30T17:30:49.728Z</Time>
            <Position>
              <LatitudeDegrees>48.856963</LatitudeDegrees>
              <LongitudeDegrees>2.291758</LongitudeDegrees>
            </Position>
            <AltitudeMeters>35.3</AltitudeMeters>
            <DistanceMeters>4994.8</DistanceMeters>
            <HeartRateBpm><Value>118</Value></HeartRateBpm>
            <Extensions>
              <TPX xmlns="http://www.garmin.com/xmlschemas/ActivityExtension/v2">
                <Speed>2.08</Speed>
              </TPX>
            </Extensions>
          </Trackpoint>
          <Trackpoint>
            <Time>2026-05-30T17:30:56.641Z</Time>
            <Position>
              <LatitudeDegrees>48.857016</LatitudeDegrees>
              <LongitudeDegrees>2.291679</LongitudeDegrees>
            </Position>
            <AltitudeMeters>35.2</AltitudeMeters>
            <DistanceMeters>5019.6</DistanceMeters>
            <HeartRateBpm><Value>117</Value></HeartRateBpm>
            <Extensions>
              <TPX xmlns="http://www.garmin.com/xmlschemas/ActivityExtension/v2">
                <Speed>2.08</Speed>
              </TPX>
            </Extensions>
          </Trackpoint>
          <Trackpoint>
            <Time>2026-05-30T17:31:03.555Z</Time>
            <Position>
              <LatitudeDegrees>48.857069</LatitudeDegrees>
              <LongitudeDegrees>2.291599</LongitudeDegrees>
            </Position>
            <AltitudeMeters>35.4</AltitudeMeters>
            <DistanceMeters>5044.4</DistanceMeters>
            <HeartRateBpm><Value>118</Value></HeartRateBpm>
            <Extensions>
              <TPX xmlns="http://www.garmin.com/xmlschemas/ActivityExtension/v2">
                <Speed>2.06</Speed>
              </TPX>
            </Extensions>
          </Trackpoint>
          <Trackpoint>
            <Time>2026-05-30T17:31:10.469Z</Time>
            <Position>
              <LatitudeDegrees>48.857122</LatitudeDegrees>
              <LongitudeDegrees>2.291520</LongitudeDegrees>
            </Position>
            <AltitudeMeters>34.9</AltitudeMeters>
            <DistanceMeters>5069.2</DistanceMeters>
            <HeartRateBpm><Value>117</Value></HeartRateBpm>
            <Extensions>
              <TPX xmlns="http://www.garmin.com/xmlschemas/ActivityExtension/v2">
                <Speed>2.06</Speed>
              </TPX>
            </Extensions>
          </Trackpoint>
          <Trackpoint>
            <Time>2026-05-30T17:31:17.382Z</Time>
            <Position>
              <LatitudeDegrees>48.857175</LatitudeDegrees>
              <LongitudeDegrees>2.291440</LongitudeDegrees>
            </Position>
            <AltitudeMeters>35.5</AltitudeMeters>
            <DistanceMeters>5094.1</DistanceMeters>
            <HeartRateBpm><Value>119</Value></HeartRateBpm>
            <Extensions>
              <TPX xmlns="http://www.garmin.com/xmlschemas/ActivityExtension/v2">
                <Speed>2.06</Speed>
              </TPX>
            </Extensions>
          </Trackpoint>
          <Trackpoint>
            <Time>2026-05-30T17:31:24.296Z</Time>
            <Position>
              <LatitudeDegrees>48.857228</LatitudeDegrees>
              <LongitudeDegrees>2.291361</LongitudeDegrees>
            </Position>
            <AltitudeMeters>35.2</AltitudeMeters>
            <DistanceMeters>5118.9</DistanceMeters>
            <HeartRateBpm><Value>118</Value></HeartRateBpm>
            <Extensions>
              <TPX xmlns="http://www.garmin.com/xmlschemas/ActivityExtension/v2">
                <Speed>2.06</Speed>
              </TPX>
            </Extensions>
          </Trackpoint>
          <Trackpoint>
            <Time>2026-05-30T17:31:31.209Z</Time>
            <Position>
              <LatitudeDegrees>48.857281</LatitudeDegrees>
              <LongitudeDegrees>2.291281</LongitudeDegrees>
            </Position>
            <AltitudeMeters>34.9</AltitudeMeters>
            <DistanceMeters>5143.7</DistanceMeters>
            <HeartRateBpm><Value>118</Value></HeartRateBpm>
            <Extensions>
              <TPX xmlns="http://www.garmin.com/xmlschemas/ActivityExtension/v2">
                <Speed>2.06</Speed>
              </TPX>
            </Extensions>
          </Trackpoint>
          <Trackpoint>
            <Time>2026-05-30T17:31:38.123Z</Time>
            <Position>
              <LatitudeDegrees>48.857334</LatitudeDegrees>
              <LongitudeDegrees>2.291202</LongitudeDegrees>
            </Position>
            <AltitudeMeters>34.7</AltitudeMeters>
            <DistanceMeters>5168.5</DistanceMeters>
            <HeartRateBpm><Value>119</Value></HeartRateBpm>
            <Extensions>
              <TPX xmlns="http://www.garmin.com/xmlschemas/ActivityExtension/v2">
                <Speed>2.06</Speed>
              </TPX>
            </Extensions>
          </Trackpoint>
          <Trackpoint>
            <Time>2026-05-30T17:31:45.037Z</Time>
            <Position>
              <LatitudeDegrees>48.857387</LatitudeDegrees>
              <LongitudeDegrees>2.291122</LongitudeDegrees>
            </Position>
            <AltitudeMeters>35.2</AltitudeMeters>
            <DistanceMeters>5193.3</DistanceMeters>
            <HeartRateBpm><Value>119</Value></HeartRateBpm>
            <Extensions>
              <TPX xmlns="http://www.garmin.com/xmlschemas/ActivityExtension/v2">
                <Speed>2.06</Speed>
              </TPX>
            </Extensions>
          </Trackpoint>
          <Trackpoint>
            <Time>2026-05-30T17:31:51.950Z</Time>
            <Position>
              <LatitudeDegrees>48.857388</LatitudeDegrees>
              <LongitudeDegrees>2.291121</LongitudeDegrees>
            </Position>
            <AltitudeMeters>35.0</AltitudeMeters>
            <DistanceMeters>5193.9</DistanceMeters>
            <HeartRateBpm><Value>116</Value></HeartRateBpm>
            <Extensions>
              <TPX xmlns="http://www.garmin.com/xmlschemas/ActivityExtension/v2">
                <Speed>2.06</Speed>
              </TPX>
            </Extensions>
          </Trackpoint>
          <Trackpoint>
            <Time>2026-05-30T17:31:58.864Z</Time>
            <Position>
              <LatitudeDegrees>48.857390</LatitudeDegrees>
              <LongitudeDegrees>2.291119</LongitudeDegrees>
            </Position>
            <AltitudeMeters>34.6</AltitudeMeters>
            <DistanceMeters>5194.5</DistanceMeters>
            <HeartRateBpm><Value>117</Value></HeartRateBpm>
            <Extensions>
              <TPX xmlns="http://www.garmin.com/xmlschemas/ActivityExtension/v2">
                <Speed>2.06</Speed>
              </TPX>
            </Extensions>
          </Trackpoint>
          <Trackpoint>
            <Time>2026-05-30T17:32:05.777Z</Time>
            <Position>
              <LatitudeDegrees>48.857391</LatitudeDegrees>
              <LongitudeDegrees>2.291117</LongitudeDegrees>
            </Position>
            <AltitudeMeters>34.8</AltitudeMeters>
            <DistanceMeters>5195.0</DistanceMeters>
            <HeartRateBpm><Value>117</Value></HeartRateBpm>
            <Extensions>
              <TPX xmlns="http://www.garmin.com/xmlschemas/ActivityExtension/v2">
                <Speed>2.06</Speed>
              </TPX>
            </Extensions>
          </Trackpoint>
          <Trackpoint>
            <Time>2026-05-30T17:32:12.691Z</Time>
            <Position>
              <LatitudeDegrees>48.857392</LatitudeDegrees>
              <LongitudeDegrees>2.291115</LongitudeDegrees>
            </Position>
            <AltitudeMeters>34.8</AltitudeMeters>
            <DistanceMeters>5195.6</DistanceMeters>
            <HeartRateBpm><Value>119</Value></HeartRateBpm>
            <Extensions>
              <TPX xmlns="http://www.garmin.com/xmlschemas/ActivityExtension/v2">
                <Speed>2.06</Speed>
              </TPX>
            </Extensions>
          </Trackpoint>
          <Trackpoint>
            <Time>2026-05-30T17:32:19.604Z</Time>
            <Position>
              <LatitudeDegrees>48.857393</LatitudeDegrees>
              <LongitudeDegrees>2.291113</LongitudeDegrees>
            </Position>
            <AltitudeMeters>34.9</AltitudeMeters>
            <DistanceMeters>5196.1</DistanceMeters>
            <HeartRateBpm><Value>119</Value></HeartRateBpm>
            <Extensions>
              <TPX xmlns="http://www.garmin.com/xmlschemas/ActivityExtension/v2">
                <Speed>2.06</Speed>
              </TPX>
            </Extensions>
          </Trackpoint>
          <Trackpoint>
            <Time>2026-05-30T17:32:26.518Z</Time>
            <Position>
              <LatitudeDegrees>48.857394</LatitudeDegrees>
              <LongitudeDegrees>2.291112</LongitudeDegrees>
            </Position>
            <AltitudeMeters>35.0</AltitudeMeters>
            <DistanceMeters>5196.7</DistanceMeters>
            <HeartRateBpm><Value>116</Value></HeartRateBpm>
            <Extensions>
              <TPX xmlns="http://www.garmin.com/xmlschemas/ActivityExtension/v2">
                <Speed>2.06</Speed>
              </TPX>
            </Extensions>
          </Trackpoint>
          <Trackpoint>
            <Time>2026-05-30T17:32:33.432Z</Time>
            <Position>
              <LatitudeDegrees>48.857395</LatitudeDegrees>
              <LongitudeDegrees>2.291110</LongitudeDegrees>
            </Position>
            <AltitudeMeters>35.1</AltitudeMeters>
            <DistanceMeters>5197.2</DistanceMeters>
            <HeartRateBpm><Value>118</Value></HeartRateBpm>
            <Extensions>
              <TPX xmlns="http://www.garmin.com/xmlschemas/ActivityExtension/v2">
                <Speed>2.06</Speed>
              </TPX>
            </Extensions>
          </Trackpoint>
          <Trackpoint>
            <Time>2026-05-30T17:32:40.345Z</Time>
            <Position>
              <LatitudeDegrees>48.857397</LatitudeDegrees>
              <LongitudeDegrees>2.291108</LongitudeDegrees>
            </Position>
            <AltitudeMeters>34.8</AltitudeMeters>
            <DistanceMeters>5197.8</DistanceMeters>
            <HeartRateBpm><Value>118</Value></HeartRateBpm>
            <Extensions>
              <TPX xmlns="http://www.garmin.com/xmlschemas/ActivityExtension/v2">
                <Speed>2.06</Speed>
              </TPX>
            </Extensions>
          </Trackpoint>
          <Trackpoint>
            <Time>2026-05-30T17:32:47.259Z</Time>
            <Position>
              <LatitudeDegrees>48.857398</LatitudeDegrees>
              <LongitudeDegrees>2.291106</LongitudeDegrees>
            </Position>
            <AltitudeMeters>34.7</AltitudeMeters>
            <DistanceMeters>5198.3</DistanceMeters>
            <HeartRateBpm><Value>119</Value></HeartRateBpm>
            <Extensions>
              <TPX xmlns="http://www.garmin.com/xmlschemas/ActivityExtension/v2">
                <Speed>2.06</Speed>
              </TPX>
            </Extensions>
          </Trackpoint>
          <Trackpoint>
            <Time>2026-05-30T17:32:54.172Z</Time>
            <Position>
              <LatitudeDegrees>48.857399</LatitudeDegrees>
              <LongitudeDegrees>2.291104</LongitudeDegrees>
            </Position>
            <AltitudeMeters>34.6</AltitudeMeters>
            <DistanceMeters>5198.9</DistanceMeters>
            <HeartRateBpm><Value>119</Value></HeartRateBpm>
            <Extensions>
              <TPX xmlns="http://www.garmin.com/xmlschemas/ActivityExtension/v2">
                <Speed>2.06</Speed>
              </TPX>
            </Extensions>
          </Trackpoint>
          <Trackpoint>
            <Time>2026-05-30T17:33:01.086Z</Time>
            <Position>
              <LatitudeDegrees>48.857400</LatitudeDegrees>
              <LongitudeDegrees>2.291103</LongitudeDegrees>
            </Position>
            <AltitudeMeters>34.9</AltitudeMeters>
            <DistanceMeters>5199.4</DistanceMeters>
            <HeartRateBpm><Value>118</Value></HeartRateBpm>
            <Extensions>
              <TPX xmlns="http://www.garmin.com/xmlschemas/ActivityExtension/v2">
                <Speed>2.06</Speed>
              </TPX>
            </Extensions>
          </Trackpoint>
          <Trackpoint>
            <Time>2026-05-30T17:33:08.000Z</Time>
            <Position>
              <LatitudeDegrees>48.857401</LatitudeDegrees>
              <LongitudeDegrees>2.291101</LongitudeDegrees>
            </Position>
            <AltitudeMeters>34.7</AltitudeMeters>
            <DistanceMeters>5200.0</DistanceMeters>
            <HeartRateBpm><Value>118</Value></HeartRateBpm>
            <Extensions>
              <TPX xmlns="http://www.garmin.com/xmlschemas/ActivityExtension/v2">
                <Speed>2.06</Speed>
              </TPX>
            </Extensions>
          </Trackpoint>
        </Track>
      </Lap>
    </Activity>
  </Activities>
</TrainingCenterDatabase>